{
	"credit": "Made with Blockbench",
	"parent": "minecraft:block/carpet",
	"textures": {
		"1": "block/moss_layer",
		"2": "block/moss_carpet_side",
		"particle": "block/moss_layer",
		"wool": "block/moss_carpet"
	},
	"elements": [
		{
			"from": [0, 0, 0],
			"to": [16, 1, 16],
			"faces": {
				"north": {"uv": [0, 15, 16, 16], "texture": "#wool"},
				"east": {"uv": [0, 15, 16, 16], "texture": "#wool"},
				"south": {"uv": [0, 15, 16, 16], "texture": "#wool"},
				"west": {"uv": [0, 15, 16, 16], "texture": "#wool"},
				"up": {"uv": [0, 0, 16, 16], "texture": "#wool"},
				"down": {"uv": [0, 0, 16, 16], "texture": "#wool"}
			}
		},
		{
			"from": [-0.1, -3, -0.1],
			"to": [16.1, 1, 16.1],
			"faces": {
				"north": {"uv": [0, 0, 16, 4.5], "texture": "#2", "cullface": "north"},
				"east": {"uv": [0, 0, 16, 4.5], "texture": "#2", "cullface": "east"},
				"south": {"uv": [0, 0, 16, 4.5], "texture": "#2", "cullface": "south"},
				"west": {"uv": [0, 0, 16, 4.5], "texture": "#2", "cullface": "west"}
			}
		},
		{
			"from": [0, 1.5, 0],
			"to": [16, 1.5, 16],
			"rotation": {"angle": 0, "axis": "y", "origin": [8, 9.5, 8]},
			"faces": {
				"north": {"uv": [0, 15, 16, 16], "texture": "#wool"},
				"east": {"uv": [0, 15, 16, 16], "texture": "#wool"},
				"south": {"uv": [0, 15, 16, 16], "texture": "#wool"},
				"west": {"uv": [0, 15, 16, 16], "texture": "#wool"},
				"up": {"uv": [0, 0, 16, 16], "texture": "#1"},
				"down": {"uv": [0, 0, 16, 16], "texture": "#1"}
			}
		}
	]
}