{
	"credit": "Made with Blockbench",
	"parent": "minecraft:block/template_four_candles",
	"elements": [
		{
			"from": [10.44207, 3.4, 9.14676],
			"to": [10.44207, 5.2, 9.44676],
			"rotation": {"angle": 45, "axis": "y", "origin": [10.36458, 0.23, 9.32417]},
			"faces": {
				"north": {"uv": [5, 10, 8.5, 12], "texture": "#all"},
				"east": {"uv": [0.5, 5, 1, 6], "texture": "#all"},
				"south": {"uv": [5, 10, 8.5, 12], "texture": "#all"},
				"west": {"uv": [0.5, 5, 1, 6], "texture": "#all"},
				"up": {"uv": [5, 6.5, 8.5, 10], "texture": "#all"},
				"down": {"uv": [0, 0, 0, 0], "texture": "#all"}
			}
		},
		{
			"from": [10.29207, 3.4, 9.29676],
			"to": [10.59207, 5.2, 9.29676],
			"rotation": {"angle": 45, "axis": "y", "origin": [10.36458, 0.23, 9.32417]},
			"faces": {
				"north": {"uv": [0.5, 5, 1, 6], "texture": "#all"},
				"east": {"uv": [5, 10, 8.5, 12], "texture": "#all"},
				"south": {"uv": [0.5, 5, 1, 6], "texture": "#all"},
				"west": {"uv": [5, 10, 8.5, 12], "texture": "#all"},
				"up": {"uv": [5, 6.5, 8.5, 10], "rotation": 270, "texture": "#all"},
				"down": {"uv": [0, 0, 0, 0], "texture": "#all"}
			}
		},
		{
			"from": [8.9, -0.2, 7.8],
			"to": [11.9, 4.5, 10.8],
			"rotation": {"angle": 0, "axis": "y", "origin": [10.36458, 4.73, 9.32417]},
			"faces": {
				"north": {"uv": [2, 11, 5, 16], "texture": "#all"},
				"east": {"uv": [2, 11, 5, 16], "texture": "#all"},
				"south": {"uv": [2, 11, 5, 16], "texture": "#all"},
				"west": {"uv": [2, 11, 5, 16], "texture": "#all"},
				"down": {"uv": [8, 13, 11, 16], "texture": "#all"}
			}
		},
		{
			"name": "candle_6",
			"from": [9.1, -0.04167, 11.08333],
			"to": [9.6, 1.45833, 11.08333],
			"rotation": {"angle": 0, "axis": "y", "origin": [10.36458, 4.73, 9.32417]},
			"faces": {
				"north": {"uv": [13, 7, 13.5, 5.5], "rotation": 180, "texture": "#all"},
				"east": {"uv": [13, 5.5, 13.5, 7], "texture": "#all"},
				"south": {"uv": [13, 5.5, 13.5, 7], "texture": "#all"},
				"west": {"uv": [13, 5.5, 13.5, 7], "texture": "#all"},
				"up": {"uv": [13.5, 5.5, 13, 6], "rotation": 180, "texture": "#all"},
				"down": {"uv": [13, 6.5, 13.5, 7], "texture": "#all"}
			}
		},
		{
			"name": "candle_11",
			"from": [8.6, -0.04167, 11.08333],
			"to": [9.1, 0.95833, 11.08333],
			"rotation": {"angle": 0, "axis": "y", "origin": [10.36458, 4.73, 9.32417]},
			"faces": {
				"north": {"uv": [12.5, 7, 13, 6], "rotation": 180, "texture": "#all"},
				"east": {"uv": [12.5, 6, 13, 7], "texture": "#all"},
				"south": {"uv": [12.5, 6, 13, 7], "texture": "#all"},
				"west": {"uv": [12.5, 6, 13, 7], "texture": "#all"},
				"up": {"uv": [13, 6, 12.5, 6.5], "rotation": 180, "texture": "#all"},
				"down": {"uv": [12.5, 6.5, 13, 7], "texture": "#all"}
			}
		},
		{
			"name": "candle_12",
			"from": [9.6, -0.04167, 11.08333],
			"to": [10.6, 0.95833, 11.08333],
			"rotation": {"angle": 0, "axis": "y", "origin": [10.36458, 4.73, 9.32417]},
			"faces": {
				"north": {"uv": [13.5, 7, 14.5, 6], "rotation": 180, "texture": "#all"},
				"east": {"uv": [14, 6, 14.5, 7], "texture": "#all"},
				"south": {"uv": [13.5, 6, 14.5, 7], "texture": "#all"},
				"west": {"uv": [13.5, 6, 14, 7], "texture": "#all"},
				"up": {"uv": [14.5, 6, 13.5, 6.5], "rotation": 180, "texture": "#all"},
				"down": {"uv": [13.5, 6.5, 14.5, 7], "texture": "#all"}
			}
		},
		{
			"name": "candle_7",
			"from": [10.6, -0.04167, 11.08333],
			"to": [11.1, 1.45833, 11.08333],
			"rotation": {"angle": 0, "axis": "y", "origin": [10.36458, 4.73, 9.32417]},
			"faces": {
				"north": {"uv": [14.5, 7, 15, 5.5], "rotation": 180, "texture": "#all"},
				"east": {"uv": [14.5, 5.5, 15, 7], "texture": "#all"},
				"south": {"uv": [14.5, 5.5, 15, 7], "texture": "#all"},
				"west": {"uv": [14.5, 5.5, 15, 7], "texture": "#all"},
				"up": {"uv": [15, 5.5, 14.5, 6], "rotation": 180, "texture": "#all"},
				"down": {"uv": [14.5, 6.5, 15, 7], "texture": "#all"}
			}
		},
		{
			"name": "candle_13",
			"from": [11.1, -0.04167, 11.08333],
			"to": [11.6, 0.95833, 11.08333],
			"rotation": {"angle": 0, "axis": "y", "origin": [10.36458, 4.73, 9.32417]},
			"faces": {
				"north": {"uv": [15, 7, 15.5, 6], "rotation": 180, "texture": "#all"},
				"east": {"uv": [15, 6, 15.5, 7], "texture": "#all"},
				"south": {"uv": [15, 6, 15.5, 7], "texture": "#all"},
				"west": {"uv": [15, 6, 15.5, 7], "texture": "#all"},
				"up": {"uv": [15.5, 6, 15, 6.5], "rotation": 180, "texture": "#all"},
				"down": {"uv": [15, 6.5, 15.5, 7], "texture": "#all"}
			}
		},
		{
			"name": "candle_16",
			"from": [11.6, -0.04167, 11.08333],
			"to": [12.1, 0.45833, 11.08333],
			"rotation": {"angle": 0, "axis": "y", "origin": [10.36458, 4.73, 9.32417]},
			"faces": {
				"north": {"uv": [15.5, 7, 16, 6.5], "rotation": 180, "texture": "#all"},
				"east": {"uv": [15.5, 6.5, 16, 7], "texture": "#all"},
				"south": {"uv": [15.5, 6.5, 16, 7], "texture": "#all"},
				"west": {"uv": [15.5, 6.5, 16, 7], "texture": "#all"},
				"up": {"uv": [16, 6.5, 15.5, 7], "rotation": 180, "texture": "#all"},
				"down": {"uv": [15.5, 6.5, 16, 7], "texture": "#all"}
			}
		},
		{
			"name": "candle_7",
			"from": [12.09167, -0.04167, 10.1],
			"to": [12.09167, 1.45833, 10.6],
			"rotation": {"angle": 0, "axis": "y", "origin": [10.36458, 4.73, 9.32417]},
			"faces": {
				"north": {"uv": [13, 5.5, 13.5, 7], "texture": "#all"},
				"east": {"uv": [13, 5.5, 13.5, 7], "texture": "#all"},
				"south": {"uv": [13, 5.5, 13.5, 7], "texture": "#all"},
				"west": {"uv": [13, 7, 13.5, 5.5], "rotation": 180, "texture": "#all"},
				"up": {"uv": [13.5, 5.5, 13, 6], "rotation": 90, "texture": "#all"},
				"down": {"uv": [13, 6.5, 13.5, 7], "rotation": 90, "texture": "#all"}
			}
		},
		{
			"name": "candle_12",
			"from": [12.09167, -0.04167, 10.6],
			"to": [12.09167, 0.95833, 11.1],
			"rotation": {"angle": 0, "axis": "y", "origin": [10.36458, 4.73, 9.32417]},
			"faces": {
				"north": {"uv": [12.5, 6, 13, 7], "texture": "#all"},
				"east": {"uv": [12.5, 6, 13, 7], "texture": "#all"},
				"south": {"uv": [12.5, 6, 13, 7], "texture": "#all"},
				"west": {"uv": [12.5, 7, 13, 6], "rotation": 180, "texture": "#all"},
				"up": {"uv": [13, 6, 12.5, 6.5], "rotation": 90, "texture": "#all"},
				"down": {"uv": [12.5, 6.5, 13, 7], "rotation": 90, "texture": "#all"}
			}
		},
		{
			"name": "candle_13",
			"from": [12.09167, -0.04167, 9.1],
			"to": [12.09167, 0.95833, 10.1],
			"rotation": {"angle": 0, "axis": "y", "origin": [10.36458, 4.73, 9.32417]},
			"faces": {
				"north": {"uv": [14, 6, 14.5, 7], "texture": "#all"},
				"east": {"uv": [13.5, 6, 14.5, 7], "texture": "#all"},
				"south": {"uv": [13.5, 6, 14, 7], "texture": "#all"},
				"west": {"uv": [13.5, 7, 14.5, 6], "rotation": 180, "texture": "#all"},
				"up": {"uv": [14.5, 6, 13.5, 6.5], "rotation": 90, "texture": "#all"},
				"down": {"uv": [13.5, 6.5, 14.5, 7], "rotation": 90, "texture": "#all"}
			}
		},
		{
			"name": "candle_8",
			"from": [12.09167, -0.04167, 8.6],
			"to": [12.09167, 1.45833, 9.1],
			"rotation": {"angle": 0, "axis": "y", "origin": [10.36458, 4.73, 9.32417]},
			"faces": {
				"north": {"uv": [14.5, 5.5, 15, 7], "texture": "#all"},
				"east": {"uv": [14.5, 5.5, 15, 7], "texture": "#all"},
				"south": {"uv": [14.5, 5.5, 15, 7], "texture": "#all"},
				"west": {"uv": [14.5, 7, 15, 5.5], "rotation": 180, "texture": "#all"},
				"up": {"uv": [15, 5.5, 14.5, 6], "rotation": 90, "texture": "#all"},
				"down": {"uv": [14.5, 6.5, 15, 7], "rotation": 90, "texture": "#all"}
			}
		},
		{
			"name": "candle_14",
			"from": [12.09167, -0.04167, 8.1],
			"to": [12.09167, 0.95833, 8.6],
			"rotation": {"angle": 0, "axis": "y", "origin": [10.36458, 4.73, 9.32417]},
			"faces": {
				"north": {"uv": [15, 6, 15.5, 7], "texture": "#all"},
				"east": {"uv": [15, 6, 15.5, 7], "texture": "#all"},
				"south": {"uv": [15, 6, 15.5, 7], "texture": "#all"},
				"west": {"uv": [15, 7, 15.5, 6], "rotation": 180, "texture": "#all"},
				"up": {"uv": [15.5, 6, 15, 6.5], "rotation": 90, "texture": "#all"},
				"down": {"uv": [15, 6.5, 15.5, 7], "rotation": 90, "texture": "#all"}
			}
		},
		{
			"name": "candle_17",
			"from": [12.09167, -0.04167, 7.6],
			"to": [12.09167, 0.45833, 8.1],
			"rotation": {"angle": 0, "axis": "y", "origin": [10.36458, 4.73, 9.32417]},
			"faces": {
				"north": {"uv": [15.5, 6.5, 16, 7], "texture": "#all"},
				"east": {"uv": [15.5, 6.5, 16, 7], "texture": "#all"},
				"south": {"uv": [15.5, 6.5, 16, 7], "texture": "#all"},
				"west": {"uv": [15.5, 7, 16, 6.5], "rotation": 180, "texture": "#all"},
				"up": {"uv": [16, 6.5, 15.5, 7], "rotation": 90, "texture": "#all"},
				"down": {"uv": [15.5, 6.5, 16, 7], "rotation": 90, "texture": "#all"}
			}
		},
		{
			"name": "candle_8",
			"from": [11.08333, -0.04167, 7.58333],
			"to": [11.58333, 1.45833, 7.58333],
			"rotation": {"angle": 0, "axis": "y", "origin": [10.36458, 4.73, 9.32417]},
			"faces": {
				"north": {"uv": [13, 5.5, 13.5, 7], "texture": "#all"},
				"east": {"uv": [13, 5.5, 13.5, 7], "texture": "#all"},
				"south": {"uv": [13, 7, 13.5, 5.5], "rotation": 180, "texture": "#all"},
				"west": {"uv": [13, 5.5, 13.5, 7], "texture": "#all"},
				"up": {"uv": [13.5, 5.5, 13, 6], "texture": "#all"},
				"down": {"uv": [13, 6.5, 13.5, 7], "rotation": 180, "texture": "#all"}
			}
		},
		{
			"name": "candle_13",
			"from": [11.58333, -0.04167, 7.58333],
			"to": [12.08333, 0.95833, 7.58333],
			"rotation": {"angle": 0, "axis": "y", "origin": [10.36458, 4.73, 9.32417]},
			"faces": {
				"north": {"uv": [12.5, 6, 13, 7], "texture": "#all"},
				"east": {"uv": [12.5, 6, 13, 7], "texture": "#all"},
				"south": {"uv": [12.5, 7, 13, 6], "rotation": 180, "texture": "#all"},
				"west": {"uv": [12.5, 6, 13, 7], "texture": "#all"},
				"up": {"uv": [13, 6, 12.5, 6.5], "texture": "#all"},
				"down": {"uv": [12.5, 6.5, 13, 7], "rotation": 180, "texture": "#all"}
			}
		},
		{
			"name": "candle_14",
			"from": [10.08333, -0.04167, 7.58333],
			"to": [11.08333, 0.95833, 7.58333],
			"rotation": {"angle": 0, "axis": "y", "origin": [10.36458, 4.73, 9.32417]},
			"faces": {
				"north": {"uv": [13.5, 6, 14.5, 7], "texture": "#all"},
				"east": {"uv": [13.5, 6, 14, 7], "texture": "#all"},
				"south": {"uv": [13.5, 7, 14.5, 6], "rotation": 180, "texture": "#all"},
				"west": {"uv": [14, 6, 14.5, 7], "texture": "#all"},
				"up": {"uv": [14.5, 6, 13.5, 6.5], "texture": "#all"},
				"down": {"uv": [13.5, 6.5, 14.5, 7], "rotation": 180, "texture": "#all"}
			}
		},
		{
			"name": "candle_9",
			"from": [9.58333, -0.04167, 7.58333],
			"to": [10.08333, 1.45833, 7.58333],
			"rotation": {"angle": 0, "axis": "y", "origin": [10.36458, 4.73, 9.32417]},
			"faces": {
				"north": {"uv": [14.5, 5.5, 15, 7], "texture": "#all"},
				"east": {"uv": [14.5, 5.5, 15, 7], "texture": "#all"},
				"south": {"uv": [14.5, 7, 15, 5.5], "rotation": 180, "texture": "#all"},
				"west": {"uv": [14.5, 5.5, 15, 7], "texture": "#all"},
				"up": {"uv": [15, 5.5, 14.5, 6], "texture": "#all"},
				"down": {"uv": [14.5, 6.5, 15, 7], "rotation": 180, "texture": "#all"}
			}
		},
		{
			"name": "candle_15",
			"from": [9.08333, -0.04167, 7.58333],
			"to": [9.58333, 0.95833, 7.58333],
			"rotation": {"angle": 0, "axis": "y", "origin": [10.36458, 4.73, 9.32417]},
			"faces": {
				"north": {"uv": [15, 6, 15.5, 7], "texture": "#all"},
				"east": {"uv": [15, 6, 15.5, 7], "texture": "#all"},
				"south": {"uv": [15, 7, 15.5, 6], "rotation": 180, "texture": "#all"},
				"west": {"uv": [15, 6, 15.5, 7], "texture": "#all"},
				"up": {"uv": [15.5, 6, 15, 6.5], "texture": "#all"},
				"down": {"uv": [15, 6.5, 15.5, 7], "rotation": 180, "texture": "#all"}
			}
		},
		{
			"name": "candle_18",
			"from": [8.58333, -0.04167, 7.58333],
			"to": [9.08333, 0.45833, 7.58333],
			"rotation": {"angle": 0, "axis": "y", "origin": [10.36458, 4.73, 9.32417]},
			"faces": {
				"north": {"uv": [15.5, 6.5, 16, 7], "texture": "#all"},
				"east": {"uv": [15.5, 6.5, 16, 7], "texture": "#all"},
				"south": {"uv": [15.5, 7, 16, 6.5], "rotation": 180, "texture": "#all"},
				"west": {"uv": [15.5, 6.5, 16, 7], "texture": "#all"},
				"up": {"uv": [16, 6.5, 15.5, 7], "texture": "#all"},
				"down": {"uv": [15.5, 6.5, 16, 7], "rotation": 180, "texture": "#all"}
			}
		},
		{
			"name": "candle_9",
			"from": [8.59167, -0.04167, 8.09167],
			"to": [8.59167, 1.45833, 8.59167],
			"rotation": {"angle": 0, "axis": "y", "origin": [10.36458, 4.73, 9.32417]},
			"faces": {
				"north": {"uv": [13, 5.5, 13.5, 7], "texture": "#all"},
				"east": {"uv": [13, 7, 13.5, 5.5], "rotation": 180, "texture": "#all"},
				"south": {"uv": [13, 5.5, 13.5, 7], "texture": "#all"},
				"west": {"uv": [13, 5.5, 13.5, 7], "texture": "#all"},
				"up": {"uv": [13.5, 5.5, 13, 6], "rotation": 270, "texture": "#all"},
				"down": {"uv": [13, 6.5, 13.5, 7], "rotation": 270, "texture": "#all"}
			}
		},
		{
			"name": "candle_14",
			"from": [8.59167, -0.04167, 7.59167],
			"to": [8.59167, 0.95833, 8.09167],
			"rotation": {"angle": 0, "axis": "y", "origin": [10.36458, 4.73, 9.32417]},
			"faces": {
				"north": {"uv": [12.5, 6, 13, 7], "texture": "#all"},
				"east": {"uv": [12.5, 7, 13, 6], "rotation": 180, "texture": "#all"},
				"south": {"uv": [12.5, 6, 13, 7], "texture": "#all"},
				"west": {"uv": [12.5, 6, 13, 7], "texture": "#all"},
				"up": {"uv": [13, 6, 12.5, 6.5], "rotation": 270, "texture": "#all"},
				"down": {"uv": [12.5, 6.5, 13, 7], "rotation": 270, "texture": "#all"}
			}
		},
		{
			"name": "candle_15",
			"from": [8.59167, -0.04167, 8.59167],
			"to": [8.59167, 0.95833, 9.59167],
			"rotation": {"angle": 0, "axis": "y", "origin": [10.36458, 4.73, 9.32417]},
			"faces": {
				"north": {"uv": [13.5, 6, 14, 7], "texture": "#all"},
				"east": {"uv": [13.5, 7, 14.5, 6], "rotation": 180, "texture": "#all"},
				"south": {"uv": [14, 6, 14.5, 7], "texture": "#all"},
				"west": {"uv": [13.5, 6, 14.5, 7], "texture": "#all"},
				"up": {"uv": [14.5, 6, 13.5, 6.5], "rotation": 270, "texture": "#all"},
				"down": {"uv": [13.5, 6.5, 14.5, 7], "rotation": 270, "texture": "#all"}
			}
		},
		{
			"name": "candle_10",
			"from": [8.59167, -0.04167, 9.59167],
			"to": [8.59167, 1.45833, 10.09167],
			"rotation": {"angle": 0, "axis": "y", "origin": [10.36458, 4.73, 9.32417]},
			"faces": {
				"north": {"uv": [14.5, 5.5, 15, 7], "texture": "#all"},
				"east": {"uv": [14.5, 7, 15, 5.5], "rotation": 180, "texture": "#all"},
				"south": {"uv": [14.5, 5.5, 15, 7], "texture": "#all"},
				"west": {"uv": [14.5, 5.5, 15, 7], "texture": "#all"},
				"up": {"uv": [15, 5.5, 14.5, 6], "rotation": 270, "texture": "#all"},
				"down": {"uv": [14.5, 6.5, 15, 7], "rotation": 270, "texture": "#all"}
			}
		},
		{
			"name": "candle_16",
			"from": [8.59167, -0.04167, 10.09167],
			"to": [8.59167, 0.95833, 10.59167],
			"rotation": {"angle": 0, "axis": "y", "origin": [10.36458, 4.73, 9.32417]},
			"faces": {
				"north": {"uv": [15, 6, 15.5, 7], "texture": "#all"},
				"east": {"uv": [15, 7, 15.5, 6], "rotation": 180, "texture": "#all"},
				"south": {"uv": [15, 6, 15.5, 7], "texture": "#all"},
				"west": {"uv": [15, 6, 15.5, 7], "texture": "#all"},
				"up": {"uv": [15.5, 6, 15, 6.5], "rotation": 270, "texture": "#all"},
				"down": {"uv": [15, 6.5, 15.5, 7], "rotation": 270, "texture": "#all"}
			}
		},
		{
			"name": "candle_19",
			"from": [8.59167, -0.04167, 10.59167],
			"to": [8.59167, 0.45833, 11.09167],
			"rotation": {"angle": 0, "axis": "y", "origin": [10.36458, 4.73, 9.32417]},
			"faces": {
				"north": {"uv": [15.5, 6.5, 16, 7], "texture": "#all"},
				"east": {"uv": [15.5, 7, 16, 6.5], "rotation": 180, "texture": "#all"},
				"south": {"uv": [15.5, 6.5, 16, 7], "texture": "#all"},
				"west": {"uv": [15.5, 6.5, 16, 7], "texture": "#all"},
				"up": {"uv": [16, 6.5, 15.5, 7], "rotation": 270, "texture": "#all"},
				"down": {"uv": [15.5, 6.5, 16, 7], "rotation": 270, "texture": "#all"}
			}
		},
		{
			"name": "candle_4",
			"from": [9.125, 4.35, 8.05],
			"to": [11.625, 4.85, 8.05],
			"rotation": {"angle": 0, "axis": "y", "origin": [10.36458, 1.03, 9.32417]},
			"faces": {
				"north": {"uv": [16, 0, 13.5, 0.5], "texture": "#all"},
				"east": {"uv": [15.5, 0, 16, 0.5], "rotation": 90, "texture": "#all"},
				"south": {"uv": [13.5, 0, 16, 0.5], "texture": "#all"},
				"west": {"uv": [13.5, 0, 14, 0.5], "rotation": 270, "texture": "#all"},
				"up": {"uv": [13.5, 0, 16, 0.5], "texture": "#all"},
				"down": {"uv": [13.5, 0.5, 16, 0], "texture": "#all"}
			}
		},
		{
			"name": "candle_4",
			"from": [11.625, 4.35, 8.05],
			"to": [11.625, 4.85, 10.55],
			"rotation": {"angle": 0, "axis": "y", "origin": [10.36458, 1.03, 9.32417]},
			"faces": {
				"north": {"uv": [13.5, 0, 14, 0.5], "rotation": 270, "texture": "#all"},
				"east": {"uv": [16, 0, 13.5, 0.5], "texture": "#all"},
				"south": {"uv": [15.5, 0, 16, 0.5], "rotation": 90, "texture": "#all"},
				"west": {"uv": [13.5, 0, 16, 0.5], "texture": "#all"},
				"up": {"uv": [13.5, 0, 16, 0.5], "rotation": 90, "texture": "#all"},
				"down": {"uv": [13.5, 0.5, 16, 0], "rotation": 270, "texture": "#all"}
			}
		},
		{
			"name": "candle_5",
			"from": [9.125, 4.35, 10.55],
			"to": [11.625, 4.85, 10.55],
			"rotation": {"angle": 0, "axis": "y", "origin": [10.36458, 1.03, 9.32417]},
			"faces": {
				"north": {"uv": [13.5, 0, 16, 0.5], "texture": "#all"},
				"east": {"uv": [13.5, 0, 14, 0.5], "rotation": 270, "texture": "#all"},
				"south": {"uv": [16, 0, 13.5, 0.5], "texture": "#all"},
				"west": {"uv": [15.5, 0, 16, 0.5], "rotation": 90, "texture": "#all"},
				"up": {"uv": [13.5, 0, 16, 0.5], "rotation": 180, "texture": "#all"},
				"down": {"uv": [13.5, 0.5, 16, 0], "rotation": 180, "texture": "#all"}
			}
		},
		{
			"name": "candle_3",
			"from": [9.125, 4.35, 8.05],
			"to": [9.125, 4.85, 10.55],
			"rotation": {"angle": 0, "axis": "y", "origin": [10.36458, 1.03, 9.32417]},
			"faces": {
				"north": {"uv": [15.5, 0, 16, 0.5], "rotation": 90, "texture": "#all"},
				"east": {"uv": [13.5, 0, 16, 0.5], "texture": "#all"},
				"south": {"uv": [13.5, 0, 14, 0.5], "rotation": 270, "texture": "#all"},
				"west": {"uv": [16, 0, 13.5, 0.5], "texture": "#all"},
				"up": {"uv": [13.5, 0, 16, 0.5], "rotation": 270, "texture": "#all"},
				"down": {"uv": [13.5, 0.5, 16, 0], "rotation": 90, "texture": "#all"}
			}
		},
		{
			"name": "candle_4",
			"from": [9.125, 4.35, 8.05],
			"to": [11.625, 4.35, 10.55],
			"rotation": {"angle": 0, "axis": "y", "origin": [10.36458, 1.03, 9.32417]},
			"faces": {
				"north": {"uv": [16, 1, 13.5, 1.5], "texture": "#all"},
				"east": {"uv": [15.5, 1, 16, 3.5], "rotation": 90, "texture": "#all"},
				"south": {"uv": [13.5, 3, 16, 3.5], "texture": "#all"},
				"west": {"uv": [13.5, 1, 14, 3.5], "rotation": 270, "texture": "#all"},
				"up": {"uv": [13.5, 1, 16, 3.5], "texture": "#all"},
				"down": {"uv": [13.5, 3.5, 16, 1], "texture": "#all"}
			}
		},
		{
			"name": "candle_10",
			"from": [8.625, 4.85, 7.55],
			"to": [12.125, 4.85, 8.05],
			"rotation": {"angle": 0, "axis": "y", "origin": [10.36458, 1.03, 9.32417]},
			"faces": {
				"north": {"uv": [9, 6, 5.5, 6.5], "texture": "#all"},
				"east": {"uv": [8.5, 6, 9, 6.5], "rotation": 90, "texture": "#all"},
				"south": {"uv": [5.5, 6, 9, 6.5], "texture": "#all"},
				"west": {"uv": [5.5, 6, 6, 6.5], "rotation": 270, "texture": "#all"},
				"up": {"uv": [5.5, 6, 9, 6.5], "texture": "#all"},
				"down": {"uv": [5.5, 6.5, 9, 6], "texture": "#all"}
			}
		},
		{
			"name": "candle_15",
			"from": [11.625, 4.85, 8.05],
			"to": [12.125, 4.85, 11.05],
			"rotation": {"angle": 0, "axis": "y", "origin": [10.36458, 1.03, 9.32417]},
			"faces": {
				"north": {"uv": [9, 6.5, 8.5, 7], "texture": "#all"},
				"east": {"uv": [8.5, 6.5, 9, 9.5], "rotation": 90, "texture": "#all"},
				"south": {"uv": [8.5, 9, 9, 9.5], "texture": "#all"},
				"west": {"uv": [8.5, 6.5, 9, 9.5], "rotation": 270, "texture": "#all"},
				"up": {"uv": [8.5, 6.5, 9, 9.5], "texture": "#all"},
				"down": {"uv": [8.5, 9.5, 9, 6.5], "texture": "#all"}
			}
		},
		{
			"name": "candle_18",
			"from": [9.125, 4.85, 10.55],
			"to": [11.625, 4.85, 11.05],
			"rotation": {"angle": 0, "axis": "y", "origin": [10.36458, 1.03, 9.32417]},
			"faces": {
				"north": {"uv": [8.5, 9, 6, 9.5], "texture": "#all"},
				"east": {"uv": [8, 9, 8.5, 9.5], "rotation": 90, "texture": "#all"},
				"south": {"uv": [6, 9, 8.5, 9.5], "texture": "#all"},
				"west": {"uv": [6, 9, 6.5, 9.5], "rotation": 270, "texture": "#all"},
				"up": {"uv": [6, 9, 8.5, 9.5], "texture": "#all"},
				"down": {"uv": [6, 9.5, 8.5, 9], "texture": "#all"}
			}
		},
		{
			"name": "candle_14",
			"from": [8.625, 4.85, 8.05],
			"to": [9.125, 4.85, 11.05],
			"rotation": {"angle": 0, "axis": "y", "origin": [10.36458, 1.03, 9.32417]},
			"faces": {
				"north": {"uv": [6, 6.5, 5.5, 7], "texture": "#all"},
				"east": {"uv": [5.5, 6.5, 6, 9.5], "rotation": 90, "texture": "#all"},
				"south": {"uv": [5.5, 9, 6, 9.5], "texture": "#all"},
				"west": {"uv": [5.5, 6.5, 6, 9.5], "rotation": 270, "texture": "#all"},
				"up": {"uv": [5.5, 6.5, 6, 9.5], "texture": "#all"},
				"down": {"uv": [5.5, 9.5, 6, 6.5], "texture": "#all"}
			}
		},
		{
			"name": "candle_20",
			"from": [8.625, 3.86667, 11.04167],
			"to": [12.125, 4.86667, 11.04167],
			"rotation": {"angle": 0, "axis": "y", "origin": [10.36458, 1.03, 9.32417]},
			"faces": {
				"north": {"uv": [5.5, 11, 9, 10], "rotation": 180, "texture": "#all"},
				"east": {"uv": [8.5, 10, 9, 11], "texture": "#all"},
				"south": {"uv": [5.5, 10, 9, 11], "texture": "#all"},
				"west": {"uv": [5.5, 10, 6, 11], "texture": "#all"},
				"up": {"uv": [9, 10, 5.5, 10.5], "rotation": 180, "texture": "#all"},
				"down": {"uv": [5.5, 10.5, 9, 11], "texture": "#all"}
			}
		},
		{
			"name": "candle_23",
			"from": [11.625, 3.36667, 11.04167],
			"to": [12.125, 3.86667, 11.04167],
			"rotation": {"angle": 0, "axis": "y", "origin": [10.36458, 1.03, 9.32417]},
			"faces": {
				"north": {"uv": [8.5, 11.5, 9, 11], "rotation": 180, "texture": "#all"},
				"east": {"uv": [8.5, 11, 9, 11.5], "texture": "#all"},
				"south": {"uv": [8.5, 11, 9, 11.5], "texture": "#all"},
				"west": {"uv": [8.5, 11, 9, 11.5], "texture": "#all"},
				"up": {"uv": [9, 11, 8.5, 11.5], "rotation": 180, "texture": "#all"},
				"down": {"uv": [8.5, 11, 9, 11.5], "texture": "#all"}
			}
		},
		{
			"name": "candle_22",
			"from": [10.125, 3.36667, 11.04167],
			"to": [11.125, 3.86667, 11.04167],
			"rotation": {"angle": 0, "axis": "y", "origin": [10.36458, 1.03, 9.32417]},
			"faces": {
				"north": {"uv": [7, 11.5, 8, 11], "rotation": 180, "texture": "#all"},
				"east": {"uv": [7.5, 11, 8, 11.5], "texture": "#all"},
				"south": {"uv": [7, 11, 8, 11.5], "texture": "#all"},
				"west": {"uv": [7, 11, 7.5, 11.5], "texture": "#all"},
				"up": {"uv": [8, 11, 7, 11.5], "rotation": 180, "texture": "#all"},
				"down": {"uv": [7, 11, 8, 11.5], "texture": "#all"}
			}
		},
		{
			"name": "candle_25",
			"from": [10.625, 2.86667, 11.04167],
			"to": [11.125, 3.36667, 11.04167],
			"rotation": {"angle": 0, "axis": "y", "origin": [10.36458, 1.03, 9.32417]},
			"faces": {
				"north": {"uv": [7.5, 12, 8, 11.5], "rotation": 180, "texture": "#all"},
				"east": {"uv": [7.5, 11.5, 8, 12], "texture": "#all"},
				"south": {"uv": [7.5, 11.5, 8, 12], "texture": "#all"},
				"west": {"uv": [7.5, 11.5, 8, 12], "texture": "#all"},
				"up": {"uv": [8, 11.5, 7.5, 12], "rotation": 180, "texture": "#all"},
				"down": {"uv": [7.5, 11.5, 8, 12], "texture": "#all"}
			}
		},
		{
			"name": "candle_24",
			"from": [8.625, 2.86667, 11.04167],
			"to": [9.125, 3.36667, 11.04167],
			"rotation": {"angle": 0, "axis": "y", "origin": [10.36458, 1.03, 9.32417]},
			"faces": {
				"north": {"uv": [5.5, 12, 6, 11.5], "rotation": 180, "texture": "#all"},
				"east": {"uv": [5.5, 11.5, 6, 12], "texture": "#all"},
				"south": {"uv": [5.5, 11.5, 6, 12], "texture": "#all"},
				"west": {"uv": [5.5, 11.5, 6, 12], "texture": "#all"},
				"up": {"uv": [6, 11.5, 5.5, 12], "rotation": 180, "texture": "#all"},
				"down": {"uv": [5.5, 11.5, 6, 12], "texture": "#all"}
			}
		},
		{
			"name": "candle_21",
			"from": [8.625, 3.36667, 11.04167],
			"to": [9.625, 3.86667, 11.04167],
			"rotation": {"angle": 0, "axis": "y", "origin": [10.36458, 1.03, 9.32417]},
			"faces": {
				"north": {"uv": [5.5, 11.5, 6.5, 11], "rotation": 180, "texture": "#all"},
				"east": {"uv": [6, 11, 6.5, 11.5], "texture": "#all"},
				"south": {"uv": [5.5, 11, 6.5, 11.5], "texture": "#all"},
				"west": {"uv": [5.5, 11, 6, 11.5], "texture": "#all"},
				"up": {"uv": [6.5, 11, 5.5, 11.5], "rotation": 180, "texture": "#all"},
				"down": {"uv": [5.5, 11, 6.5, 11.5], "texture": "#all"}
			}
		},
		{
			"name": "candle_21",
			"from": [12.11667, 3.86667, 7.55833],
			"to": [12.11667, 4.86667, 11.05833],
			"rotation": {"angle": 0, "axis": "y", "origin": [10.36458, 1.03, 9.32417]},
			"faces": {
				"north": {"uv": [8.5, 10, 9, 11], "texture": "#all"},
				"east": {"uv": [5.5, 10, 9, 11], "texture": "#all"},
				"south": {"uv": [5.5, 10, 6, 11], "texture": "#all"},
				"west": {"uv": [5.5, 11, 9, 10], "rotation": 180, "texture": "#all"},
				"up": {"uv": [9, 10, 5.5, 10.5], "rotation": 90, "texture": "#all"},
				"down": {"uv": [5.5, 10.5, 9, 11], "rotation": 90, "texture": "#all"}
			}
		},
		{
			"name": "candle_24",
			"from": [12.11667, 3.36667, 7.55833],
			"to": [12.11667, 3.86667, 8.05833],
			"rotation": {"angle": 0, "axis": "y", "origin": [10.36458, 1.03, 9.32417]},
			"faces": {
				"north": {"uv": [8.5, 11, 9, 11.5], "texture": "#all"},
				"east": {"uv": [8.5, 11, 9, 11.5], "texture": "#all"},
				"south": {"uv": [8.5, 11, 9, 11.5], "texture": "#all"},
				"west": {"uv": [8.5, 11.5, 9, 11], "rotation": 180, "texture": "#all"},
				"up": {"uv": [9, 11, 8.5, 11.5], "rotation": 90, "texture": "#all"},
				"down": {"uv": [8.5, 11, 9, 11.5], "rotation": 90, "texture": "#all"}
			}
		},
		{
			"name": "candle_23",
			"from": [12.11667, 3.36667, 8.55833],
			"to": [12.11667, 3.86667, 9.55833],
			"rotation": {"angle": 0, "axis": "y", "origin": [10.36458, 1.03, 9.32417]},
			"faces": {
				"north": {"uv": [7.5, 11, 8, 11.5], "texture": "#all"},
				"east": {"uv": [7, 11, 8, 11.5], "texture": "#all"},
				"south": {"uv": [7, 11, 7.5, 11.5], "texture": "#all"},
				"west": {"uv": [7, 11.5, 8, 11], "rotation": 180, "texture": "#all"},
				"up": {"uv": [8, 11, 7, 11.5], "rotation": 90, "texture": "#all"},
				"down": {"uv": [7, 11, 8, 11.5], "rotation": 90, "texture": "#all"}
			}
		},
		{
			"name": "candle_26",
			"from": [12.11667, 2.86667, 8.55833],
			"to": [12.11667, 3.36667, 9.05833],
			"rotation": {"angle": 0, "axis": "y", "origin": [10.36458, 1.03, 9.32417]},
			"faces": {
				"north": {"uv": [7.5, 11.5, 8, 12], "texture": "#all"},
				"east": {"uv": [7.5, 11.5, 8, 12], "texture": "#all"},
				"south": {"uv": [7.5, 11.5, 8, 12], "texture": "#all"},
				"west": {"uv": [7.5, 12, 8, 11.5], "rotation": 180, "texture": "#all"},
				"up": {"uv": [8, 11.5, 7.5, 12], "rotation": 90, "texture": "#all"},
				"down": {"uv": [7.5, 11.5, 8, 12], "rotation": 90, "texture": "#all"}
			}
		},
		{
			"name": "candle_25",
			"from": [12.11667, 2.86667, 10.55833],
			"to": [12.11667, 3.36667, 11.05833],
			"rotation": {"angle": 0, "axis": "y", "origin": [10.36458, 1.03, 9.32417]},
			"faces": {
				"north": {"uv": [5.5, 11.5, 6, 12], "texture": "#all"},
				"east": {"uv": [5.5, 11.5, 6, 12], "texture": "#all"},
				"south": {"uv": [5.5, 11.5, 6, 12], "texture": "#all"},
				"west": {"uv": [5.5, 12, 6, 11.5], "rotation": 180, "texture": "#all"},
				"up": {"uv": [6, 11.5, 5.5, 12], "rotation": 90, "texture": "#all"},
				"down": {"uv": [5.5, 11.5, 6, 12], "rotation": 90, "texture": "#all"}
			}
		},
		{
			"name": "candle_22",
			"from": [12.11667, 3.36667, 10.05833],
			"to": [12.11667, 3.86667, 11.05833],
			"rotation": {"angle": 0, "axis": "y", "origin": [10.36458, 1.03, 9.32417]},
			"faces": {
				"north": {"uv": [6, 11, 6.5, 11.5], "texture": "#all"},
				"east": {"uv": [5.5, 11, 6.5, 11.5], "texture": "#all"},
				"south": {"uv": [5.5, 11, 6, 11.5], "texture": "#all"},
				"west": {"uv": [5.5, 11.5, 6.5, 11], "rotation": 180, "texture": "#all"},
				"up": {"uv": [6.5, 11, 5.5, 11.5], "rotation": 90, "texture": "#all"},
				"down": {"uv": [5.5, 11, 6.5, 11.5], "rotation": 90, "texture": "#all"}
			}
		},
		{
			"name": "candle_22",
			"from": [8.63333, 3.86667, 7.56667],
			"to": [12.13333, 4.86667, 7.56667],
			"rotation": {"angle": 0, "axis": "y", "origin": [10.36458, 1.03, 9.32417]},
			"faces": {
				"north": {"uv": [5.5, 10, 9, 11], "texture": "#all"},
				"east": {"uv": [5.5, 10, 6, 11], "texture": "#all"},
				"south": {"uv": [5.5, 11, 9, 10], "rotation": 180, "texture": "#all"},
				"west": {"uv": [8.5, 10, 9, 11], "texture": "#all"},
				"up": {"uv": [9, 10, 5.5, 10.5], "texture": "#all"},
				"down": {"uv": [5.5, 10.5, 9, 11], "rotation": 180, "texture": "#all"}
			}
		},
		{
			"name": "candle_25",
			"from": [8.63333, 3.36667, 7.56667],
			"to": [9.13333, 3.86667, 7.56667],
			"rotation": {"angle": 0, "axis": "y", "origin": [10.36458, 1.03, 9.32417]},
			"faces": {
				"north": {"uv": [8.5, 11, 9, 11.5], "texture": "#all"},
				"east": {"uv": [8.5, 11, 9, 11.5], "texture": "#all"},
				"south": {"uv": [8.5, 11.5, 9, 11], "rotation": 180, "texture": "#all"},
				"west": {"uv": [8.5, 11, 9, 11.5], "texture": "#all"},
				"up": {"uv": [9, 11, 8.5, 11.5], "texture": "#all"},
				"down": {"uv": [8.5, 11, 9, 11.5], "rotation": 180, "texture": "#all"}
			}
		},
		{
			"name": "candle_24",
			"from": [9.63333, 3.36667, 7.56667],
			"to": [10.63333, 3.86667, 7.56667],
			"rotation": {"angle": 0, "axis": "y", "origin": [10.36458, 1.03, 9.32417]},
			"faces": {
				"north": {"uv": [7, 11, 8, 11.5], "texture": "#all"},
				"east": {"uv": [7, 11, 7.5, 11.5], "texture": "#all"},
				"south": {"uv": [7, 11.5, 8, 11], "rotation": 180, "texture": "#all"},
				"west": {"uv": [7.5, 11, 8, 11.5], "texture": "#all"},
				"up": {"uv": [8, 11, 7, 11.5], "texture": "#all"},
				"down": {"uv": [7, 11, 8, 11.5], "rotation": 180, "texture": "#all"}
			}
		},
		{
			"name": "candle_27",
			"from": [9.63333, 2.86667, 7.56667],
			"to": [10.13333, 3.36667, 7.56667],
			"rotation": {"angle": 0, "axis": "y", "origin": [10.36458, 1.03, 9.32417]},
			"faces": {
				"north": {"uv": [7.5, 11.5, 8, 12], "texture": "#all"},
				"east": {"uv": [7.5, 11.5, 8, 12], "texture": "#all"},
				"south": {"uv": [7.5, 12, 8, 11.5], "rotation": 180, "texture": "#all"},
				"west": {"uv": [7.5, 11.5, 8, 12], "texture": "#all"},
				"up": {"uv": [8, 11.5, 7.5, 12], "texture": "#all"},
				"down": {"uv": [7.5, 11.5, 8, 12], "rotation": 180, "texture": "#all"}
			}
		},
		{
			"name": "candle_26",
			"from": [11.63333, 2.86667, 7.56667],
			"to": [12.13333, 3.36667, 7.56667],
			"rotation": {"angle": 0, "axis": "y", "origin": [10.36458, 1.03, 9.32417]},
			"faces": {
				"north": {"uv": [5.5, 11.5, 6, 12], "texture": "#all"},
				"east": {"uv": [5.5, 11.5, 6, 12], "texture": "#all"},
				"south": {"uv": [5.5, 12, 6, 11.5], "rotation": 180, "texture": "#all"},
				"west": {"uv": [5.5, 11.5, 6, 12], "texture": "#all"},
				"up": {"uv": [6, 11.5, 5.5, 12], "texture": "#all"},
				"down": {"uv": [5.5, 11.5, 6, 12], "rotation": 180, "texture": "#all"}
			}
		},
		{
			"name": "candle_23",
			"from": [11.13333, 3.36667, 7.56667],
			"to": [12.13333, 3.86667, 7.56667],
			"rotation": {"angle": 0, "axis": "y", "origin": [10.36458, 1.03, 9.32417]},
			"faces": {
				"north": {"uv": [5.5, 11, 6.5, 11.5], "texture": "#all"},
				"east": {"uv": [5.5, 11, 6, 11.5], "texture": "#all"},
				"south": {"uv": [5.5, 11.5, 6.5, 11], "rotation": 180, "texture": "#all"},
				"west": {"uv": [6, 11, 6.5, 11.5], "texture": "#all"},
				"up": {"uv": [6.5, 11, 5.5, 11.5], "texture": "#all"},
				"down": {"uv": [5.5, 11, 6.5, 11.5], "rotation": 180, "texture": "#all"}
			}
		},
		{
			"name": "candle_23",
			"from": [8.64167, 3.86667, 7.55],
			"to": [8.64167, 4.86667, 11.05],
			"rotation": {"angle": 0, "axis": "y", "origin": [10.36458, 1.03, 9.32417]},
			"faces": {
				"north": {"uv": [5.5, 10, 6, 11], "texture": "#all"},
				"east": {"uv": [5.5, 11, 9, 10], "rotation": 180, "texture": "#all"},
				"south": {"uv": [8.5, 10, 9, 11], "texture": "#all"},
				"west": {"uv": [5.5, 10, 9, 11], "texture": "#all"},
				"up": {"uv": [9, 10, 5.5, 10.5], "rotation": 270, "texture": "#all"},
				"down": {"uv": [5.5, 10.5, 9, 11], "rotation": 270, "texture": "#all"}
			}
		},
		{
			"name": "candle_26",
			"from": [8.64167, 3.36667, 10.55],
			"to": [8.64167, 3.86667, 11.05],
			"rotation": {"angle": 0, "axis": "y", "origin": [10.36458, 1.03, 9.32417]},
			"faces": {
				"north": {"uv": [8.5, 11, 9, 11.5], "texture": "#all"},
				"east": {"uv": [8.5, 11.5, 9, 11], "rotation": 180, "texture": "#all"},
				"south": {"uv": [8.5, 11, 9, 11.5], "texture": "#all"},
				"west": {"uv": [8.5, 11, 9, 11.5], "texture": "#all"},
				"up": {"uv": [9, 11, 8.5, 11.5], "rotation": 270, "texture": "#all"},
				"down": {"uv": [8.5, 11, 9, 11.5], "rotation": 270, "texture": "#all"}
			}
		},
		{
			"name": "candle_25",
			"from": [8.64167, 3.36667, 9.05],
			"to": [8.64167, 3.86667, 10.05],
			"rotation": {"angle": 0, "axis": "y", "origin": [10.36458, 1.03, 9.32417]},
			"faces": {
				"north": {"uv": [7, 11, 7.5, 11.5], "texture": "#all"},
				"east": {"uv": [7, 11.5, 8, 11], "rotation": 180, "texture": "#all"},
				"south": {"uv": [7.5, 11, 8, 11.5], "texture": "#all"},
				"west": {"uv": [7, 11, 8, 11.5], "texture": "#all"},
				"up": {"uv": [8, 11, 7, 11.5], "rotation": 270, "texture": "#all"},
				"down": {"uv": [7, 11, 8, 11.5], "rotation": 270, "texture": "#all"}
			}
		},
		{
			"name": "candle_28",
			"from": [8.64167, 2.86667, 9.55],
			"to": [8.64167, 3.36667, 10.05],
			"rotation": {"angle": 0, "axis": "y", "origin": [10.36458, 1.03, 9.32417]},
			"faces": {
				"north": {"uv": [7.5, 11.5, 8, 12], "texture": "#all"},
				"east": {"uv": [7.5, 12, 8, 11.5], "rotation": 180, "texture": "#all"},
				"south": {"uv": [7.5, 11.5, 8, 12], "texture": "#all"},
				"west": {"uv": [7.5, 11.5, 8, 12], "texture": "#all"},
				"up": {"uv": [8, 11.5, 7.5, 12], "rotation": 270, "texture": "#all"},
				"down": {"uv": [7.5, 11.5, 8, 12], "rotation": 270, "texture": "#all"}
			}
		},
		{
			"name": "candle_27",
			"from": [8.64167, 2.86667, 7.55],
			"to": [8.64167, 3.36667, 8.05],
			"rotation": {"angle": 0, "axis": "y", "origin": [10.36458, 1.03, 9.32417]},
			"faces": {
				"north": {"uv": [5.5, 11.5, 6, 12], "texture": "#all"},
				"east": {"uv": [5.5, 12, 6, 11.5], "rotation": 180, "texture": "#all"},
				"south": {"uv": [5.5, 11.5, 6, 12], "texture": "#all"},
				"west": {"uv": [5.5, 11.5, 6, 12], "texture": "#all"},
				"up": {"uv": [6, 11.5, 5.5, 12], "rotation": 270, "texture": "#all"},
				"down": {"uv": [5.5, 11.5, 6, 12], "rotation": 270, "texture": "#all"}
			}
		},
		{
			"name": "candle_24",
			"from": [8.64167, 3.36667, 7.55],
			"to": [8.64167, 3.86667, 8.55],
			"rotation": {"angle": 0, "axis": "y", "origin": [10.36458, 1.03, 9.32417]},
			"faces": {
				"north": {"uv": [5.5, 11, 6, 11.5], "texture": "#all"},
				"east": {"uv": [5.5, 11.5, 6.5, 11], "rotation": 180, "texture": "#all"},
				"south": {"uv": [6, 11, 6.5, 11.5], "texture": "#all"},
				"west": {"uv": [5.5, 11, 6.5, 11.5], "texture": "#all"},
				"up": {"uv": [6.5, 11, 5.5, 11.5], "rotation": 270, "texture": "#all"},
				"down": {"uv": [5.5, 11, 6.5, 11.5], "rotation": 270, "texture": "#all"}
			}
		},
		{
			"from": [5.64207, 7.9, 7.74676],
			"to": [5.64207, 9.7, 8.04676],
			"rotation": {"angle": 0, "axis": "y", "origin": [5.56458, 4.73, 7.92417]},
			"faces": {
				"north": {"uv": [5, 10, 8.5, 12], "texture": "#all"},
				"east": {"uv": [0.5, 5, 1, 6], "texture": "#all"},
				"south": {"uv": [5, 10, 8.5, 12], "texture": "#all"},
				"west": {"uv": [0.5, 5, 1, 6], "texture": "#all"},
				"up": {"uv": [5, 6.5, 8.5, 10], "texture": "#all"},
				"down": {"uv": [0, 0, 0, 0], "texture": "#all"}
			}
		},
		{
			"from": [5.49207, 7.9, 7.89676],
			"to": [5.79207, 9.7, 7.89676],
			"rotation": {"angle": 0, "axis": "y", "origin": [5.56458, 4.73, 7.92417]},
			"faces": {
				"north": {"uv": [0.5, 5, 1, 6], "texture": "#all"},
				"east": {"uv": [5, 10, 8.5, 12], "texture": "#all"},
				"south": {"uv": [0.5, 5, 1, 6], "texture": "#all"},
				"west": {"uv": [5, 10, 8.5, 12], "texture": "#all"},
				"up": {"uv": [5, 6.5, 8.5, 10], "rotation": 270, "texture": "#all"},
				"down": {"uv": [0, 0, 0, 0], "texture": "#all"}
			}
		},
		{
			"from": [4.1, -0.2, 6.4],
			"to": [7.1, 8.5, 9.4],
			"rotation": {"angle": -45, "axis": "y", "origin": [5.56458, 4.73, 7.92417]},
			"faces": {
				"north": {"uv": [11, 7.5, 14, 16], "texture": "#all"},
				"east": {"uv": [11, 7.5, 14, 16], "texture": "#all"},
				"south": {"uv": [11, 7.5, 14, 16], "texture": "#all"},
				"west": {"uv": [11, 7.5, 14, 16], "texture": "#all"},
				"down": {"uv": [8, 13, 11, 16], "texture": "#all"}
			}
		},
		{
			"name": "candle_3",
			"from": [4.3, -0.04167, 9.68333],
			"to": [4.8, 1.45833, 9.68333],
			"rotation": {"angle": -45, "axis": "y", "origin": [5.56458, 4.73, 7.92417]},
			"faces": {
				"north": {"uv": [13, 7, 13.5, 5.5], "rotation": 180, "texture": "#all"},
				"east": {"uv": [13, 5.5, 13.5, 7], "texture": "#all"},
				"south": {"uv": [13, 5.5, 13.5, 7], "texture": "#all"},
				"west": {"uv": [13, 5.5, 13.5, 7], "texture": "#all"},
				"up": {"uv": [13.5, 5.5, 13, 6], "rotation": 180, "texture": "#all"},
				"down": {"uv": [13, 6.5, 13.5, 7], "texture": "#all"}
			}
		},
		{
			"name": "candle_8",
			"from": [3.8, -0.04167, 9.68333],
			"to": [4.3, 0.95833, 9.68333],
			"rotation": {"angle": -45, "axis": "y", "origin": [5.56458, 4.73, 7.92417]},
			"faces": {
				"north": {"uv": [12.5, 7, 13, 6], "rotation": 180, "texture": "#all"},
				"east": {"uv": [12.5, 6, 13, 7], "texture": "#all"},
				"south": {"uv": [12.5, 6, 13, 7], "texture": "#all"},
				"west": {"uv": [12.5, 6, 13, 7], "texture": "#all"},
				"up": {"uv": [13, 6, 12.5, 6.5], "rotation": 180, "texture": "#all"},
				"down": {"uv": [12.5, 6.5, 13, 7], "texture": "#all"}
			}
		},
		{
			"name": "candle_9",
			"from": [4.8, -0.04167, 9.68333],
			"to": [5.8, 0.95833, 9.68333],
			"rotation": {"angle": -45, "axis": "y", "origin": [5.56458, 4.73, 7.92417]},
			"faces": {
				"north": {"uv": [13.5, 7, 14.5, 6], "rotation": 180, "texture": "#all"},
				"east": {"uv": [14, 6, 14.5, 7], "texture": "#all"},
				"south": {"uv": [13.5, 6, 14.5, 7], "texture": "#all"},
				"west": {"uv": [13.5, 6, 14, 7], "texture": "#all"},
				"up": {"uv": [14.5, 6, 13.5, 6.5], "rotation": 180, "texture": "#all"},
				"down": {"uv": [13.5, 6.5, 14.5, 7], "texture": "#all"}
			}
		},
		{
			"name": "candle_4",
			"from": [5.8, -0.04167, 9.68333],
			"to": [6.3, 1.45833, 9.68333],
			"rotation": {"angle": -45, "axis": "y", "origin": [5.56458, 4.73, 7.92417]},
			"faces": {
				"north": {"uv": [14.5, 7, 15, 5.5], "rotation": 180, "texture": "#all"},
				"east": {"uv": [14.5, 5.5, 15, 7], "texture": "#all"},
				"south": {"uv": [14.5, 5.5, 15, 7], "texture": "#all"},
				"west": {"uv": [14.5, 5.5, 15, 7], "texture": "#all"},
				"up": {"uv": [15, 5.5, 14.5, 6], "rotation": 180, "texture": "#all"},
				"down": {"uv": [14.5, 6.5, 15, 7], "texture": "#all"}
			}
		},
		{
			"name": "candle_10",
			"from": [6.3, -0.04167, 9.68333],
			"to": [6.8, 0.95833, 9.68333],
			"rotation": {"angle": -45, "axis": "y", "origin": [5.56458, 4.73, 7.92417]},
			"faces": {
				"north": {"uv": [15, 7, 15.5, 6], "rotation": 180, "texture": "#all"},
				"east": {"uv": [15, 6, 15.5, 7], "texture": "#all"},
				"south": {"uv": [15, 6, 15.5, 7], "texture": "#all"},
				"west": {"uv": [15, 6, 15.5, 7], "texture": "#all"},
				"up": {"uv": [15.5, 6, 15, 6.5], "rotation": 180, "texture": "#all"},
				"down": {"uv": [15, 6.5, 15.5, 7], "texture": "#all"}
			}
		},
		{
			"name": "candle_13",
			"from": [6.8, -0.04167, 9.68333],
			"to": [7.3, 0.45833, 9.68333],
			"rotation": {"angle": -45, "axis": "y", "origin": [5.56458, 4.73, 7.92417]},
			"faces": {
				"north": {"uv": [15.5, 7, 16, 6.5], "rotation": 180, "texture": "#all"},
				"east": {"uv": [15.5, 6.5, 16, 7], "texture": "#all"},
				"south": {"uv": [15.5, 6.5, 16, 7], "texture": "#all"},
				"west": {"uv": [15.5, 6.5, 16, 7], "texture": "#all"},
				"up": {"uv": [16, 6.5, 15.5, 7], "rotation": 180, "texture": "#all"},
				"down": {"uv": [15.5, 6.5, 16, 7], "texture": "#all"}
			}
		},
		{
			"name": "candle_4",
			"from": [7.29167, -0.04167, 8.7],
			"to": [7.29167, 1.45833, 9.2],
			"rotation": {"angle": -45, "axis": "y", "origin": [5.56458, 4.73, 7.92417]},
			"faces": {
				"north": {"uv": [13, 5.5, 13.5, 7], "texture": "#all"},
				"east": {"uv": [13, 5.5, 13.5, 7], "texture": "#all"},
				"south": {"uv": [13, 5.5, 13.5, 7], "texture": "#all"},
				"west": {"uv": [13, 7, 13.5, 5.5], "rotation": 180, "texture": "#all"},
				"up": {"uv": [13.5, 5.5, 13, 6], "rotation": 90, "texture": "#all"},
				"down": {"uv": [13, 6.5, 13.5, 7], "rotation": 90, "texture": "#all"}
			}
		},
		{
			"name": "candle_9",
			"from": [7.29167, -0.04167, 9.2],
			"to": [7.29167, 0.95833, 9.7],
			"rotation": {"angle": -45, "axis": "y", "origin": [5.56458, 4.73, 7.92417]},
			"faces": {
				"north": {"uv": [12.5, 6, 13, 7], "texture": "#all"},
				"east": {"uv": [12.5, 6, 13, 7], "texture": "#all"},
				"south": {"uv": [12.5, 6, 13, 7], "texture": "#all"},
				"west": {"uv": [12.5, 7, 13, 6], "rotation": 180, "texture": "#all"},
				"up": {"uv": [13, 6, 12.5, 6.5], "rotation": 90, "texture": "#all"},
				"down": {"uv": [12.5, 6.5, 13, 7], "rotation": 90, "texture": "#all"}
			}
		},
		{
			"name": "candle_10",
			"from": [7.29167, -0.04167, 7.7],
			"to": [7.29167, 0.95833, 8.7],
			"rotation": {"angle": -45, "axis": "y", "origin": [5.56458, 4.73, 7.92417]},
			"faces": {
				"north": {"uv": [14, 6, 14.5, 7], "texture": "#all"},
				"east": {"uv": [13.5, 6, 14.5, 7], "texture": "#all"},
				"south": {"uv": [13.5, 6, 14, 7], "texture": "#all"},
				"west": {"uv": [13.5, 7, 14.5, 6], "rotation": 180, "texture": "#all"},
				"up": {"uv": [14.5, 6, 13.5, 6.5], "rotation": 90, "texture": "#all"},
				"down": {"uv": [13.5, 6.5, 14.5, 7], "rotation": 90, "texture": "#all"}
			}
		},
		{
			"name": "candle_5",
			"from": [7.29167, -0.04167, 7.2],
			"to": [7.29167, 1.45833, 7.7],
			"rotation": {"angle": -45, "axis": "y", "origin": [5.56458, 4.73, 7.92417]},
			"faces": {
				"north": {"uv": [14.5, 5.5, 15, 7], "texture": "#all"},
				"east": {"uv": [14.5, 5.5, 15, 7], "texture": "#all"},
				"south": {"uv": [14.5, 5.5, 15, 7], "texture": "#all"},
				"west": {"uv": [14.5, 7, 15, 5.5], "rotation": 180, "texture": "#all"},
				"up": {"uv": [15, 5.5, 14.5, 6], "rotation": 90, "texture": "#all"},
				"down": {"uv": [14.5, 6.5, 15, 7], "rotation": 90, "texture": "#all"}
			}
		},
		{
			"name": "candle_11",
			"from": [7.29167, -0.04167, 6.7],
			"to": [7.29167, 0.95833, 7.2],
			"rotation": {"angle": -45, "axis": "y", "origin": [5.56458, 4.73, 7.92417]},
			"faces": {
				"north": {"uv": [15, 6, 15.5, 7], "texture": "#all"},
				"east": {"uv": [15, 6, 15.5, 7], "texture": "#all"},
				"south": {"uv": [15, 6, 15.5, 7], "texture": "#all"},
				"west": {"uv": [15, 7, 15.5, 6], "rotation": 180, "texture": "#all"},
				"up": {"uv": [15.5, 6, 15, 6.5], "rotation": 90, "texture": "#all"},
				"down": {"uv": [15, 6.5, 15.5, 7], "rotation": 90, "texture": "#all"}
			}
		},
		{
			"name": "candle_14",
			"from": [7.29167, -0.04167, 6.2],
			"to": [7.29167, 0.45833, 6.7],
			"rotation": {"angle": -45, "axis": "y", "origin": [5.56458, 4.73, 7.92417]},
			"faces": {
				"north": {"uv": [15.5, 6.5, 16, 7], "texture": "#all"},
				"east": {"uv": [15.5, 6.5, 16, 7], "texture": "#all"},
				"south": {"uv": [15.5, 6.5, 16, 7], "texture": "#all"},
				"west": {"uv": [15.5, 7, 16, 6.5], "rotation": 180, "texture": "#all"},
				"up": {"uv": [16, 6.5, 15.5, 7], "rotation": 90, "texture": "#all"},
				"down": {"uv": [15.5, 6.5, 16, 7], "rotation": 90, "texture": "#all"}
			}
		},
		{
			"name": "candle_5",
			"from": [6.28333, -0.04167, 6.18333],
			"to": [6.78333, 1.45833, 6.18333],
			"rotation": {"angle": -45, "axis": "y", "origin": [5.56458, 4.73, 7.92417]},
			"faces": {
				"north": {"uv": [13, 5.5, 13.5, 7], "texture": "#all"},
				"east": {"uv": [13, 5.5, 13.5, 7], "texture": "#all"},
				"south": {"uv": [13, 7, 13.5, 5.5], "rotation": 180, "texture": "#all"},
				"west": {"uv": [13, 5.5, 13.5, 7], "texture": "#all"},
				"up": {"uv": [13.5, 5.5, 13, 6], "texture": "#all"},
				"down": {"uv": [13, 6.5, 13.5, 7], "rotation": 180, "texture": "#all"}
			}
		},
		{
			"name": "candle_10",
			"from": [6.78333, -0.04167, 6.18333],
			"to": [7.28333, 0.95833, 6.18333],
			"rotation": {"angle": -45, "axis": "y", "origin": [5.56458, 4.73, 7.92417]},
			"faces": {
				"north": {"uv": [12.5, 6, 13, 7], "texture": "#all"},
				"east": {"uv": [12.5, 6, 13, 7], "texture": "#all"},
				"south": {"uv": [12.5, 7, 13, 6], "rotation": 180, "texture": "#all"},
				"west": {"uv": [12.5, 6, 13, 7], "texture": "#all"},
				"up": {"uv": [13, 6, 12.5, 6.5], "texture": "#all"},
				"down": {"uv": [12.5, 6.5, 13, 7], "rotation": 180, "texture": "#all"}
			}
		},
		{
			"name": "candle_11",
			"from": [5.28333, -0.04167, 6.18333],
			"to": [6.28333, 0.95833, 6.18333],
			"rotation": {"angle": -45, "axis": "y", "origin": [5.56458, 4.73, 7.92417]},
			"faces": {
				"north": {"uv": [13.5, 6, 14.5, 7], "texture": "#all"},
				"east": {"uv": [13.5, 6, 14, 7], "texture": "#all"},
				"south": {"uv": [13.5, 7, 14.5, 6], "rotation": 180, "texture": "#all"},
				"west": {"uv": [14, 6, 14.5, 7], "texture": "#all"},
				"up": {"uv": [14.5, 6, 13.5, 6.5], "texture": "#all"},
				"down": {"uv": [13.5, 6.5, 14.5, 7], "rotation": 180, "texture": "#all"}
			}
		},
		{
			"name": "candle_6",
			"from": [4.78333, -0.04167, 6.18333],
			"to": [5.28333, 1.45833, 6.18333],
			"rotation": {"angle": -45, "axis": "y", "origin": [5.56458, 4.73, 7.92417]},
			"faces": {
				"north": {"uv": [14.5, 5.5, 15, 7], "texture": "#all"},
				"east": {"uv": [14.5, 5.5, 15, 7], "texture": "#all"},
				"south": {"uv": [14.5, 7, 15, 5.5], "rotation": 180, "texture": "#all"},
				"west": {"uv": [14.5, 5.5, 15, 7], "texture": "#all"},
				"up": {"uv": [15, 5.5, 14.5, 6], "texture": "#all"},
				"down": {"uv": [14.5, 6.5, 15, 7], "rotation": 180, "texture": "#all"}
			}
		},
		{
			"name": "candle_12",
			"from": [4.28333, -0.04167, 6.18333],
			"to": [4.78333, 0.95833, 6.18333],
			"rotation": {"angle": -45, "axis": "y", "origin": [5.56458, 4.73, 7.92417]},
			"faces": {
				"north": {"uv": [15, 6, 15.5, 7], "texture": "#all"},
				"east": {"uv": [15, 6, 15.5, 7], "texture": "#all"},
				"south": {"uv": [15, 7, 15.5, 6], "rotation": 180, "texture": "#all"},
				"west": {"uv": [15, 6, 15.5, 7], "texture": "#all"},
				"up": {"uv": [15.5, 6, 15, 6.5], "texture": "#all"},
				"down": {"uv": [15, 6.5, 15.5, 7], "rotation": 180, "texture": "#all"}
			}
		},
		{
			"name": "candle_15",
			"from": [3.78333, -0.04167, 6.18333],
			"to": [4.28333, 0.45833, 6.18333],
			"rotation": {"angle": -45, "axis": "y", "origin": [5.56458, 4.73, 7.92417]},
			"faces": {
				"north": {"uv": [15.5, 6.5, 16, 7], "texture": "#all"},
				"east": {"uv": [15.5, 6.5, 16, 7], "texture": "#all"},
				"south": {"uv": [15.5, 7, 16, 6.5], "rotation": 180, "texture": "#all"},
				"west": {"uv": [15.5, 6.5, 16, 7], "texture": "#all"},
				"up": {"uv": [16, 6.5, 15.5, 7], "texture": "#all"},
				"down": {"uv": [15.5, 6.5, 16, 7], "rotation": 180, "texture": "#all"}
			}
		},
		{
			"name": "candle_6",
			"from": [3.79167, -0.04167, 6.69167],
			"to": [3.79167, 1.45833, 7.19167],
			"rotation": {"angle": -45, "axis": "y", "origin": [5.56458, 4.73, 7.92417]},
			"faces": {
				"north": {"uv": [13, 5.5, 13.5, 7], "texture": "#all"},
				"east": {"uv": [13, 7, 13.5, 5.5], "rotation": 180, "texture": "#all"},
				"south": {"uv": [13, 5.5, 13.5, 7], "texture": "#all"},
				"west": {"uv": [13, 5.5, 13.5, 7], "texture": "#all"},
				"up": {"uv": [13.5, 5.5, 13, 6], "rotation": 270, "texture": "#all"},
				"down": {"uv": [13, 6.5, 13.5, 7], "rotation": 270, "texture": "#all"}
			}
		},
		{
			"name": "candle_11",
			"from": [3.79167, -0.04167, 6.19167],
			"to": [3.79167, 0.95833, 6.69167],
			"rotation": {"angle": -45, "axis": "y", "origin": [5.56458, 4.73, 7.92417]},
			"faces": {
				"north": {"uv": [12.5, 6, 13, 7], "texture": "#all"},
				"east": {"uv": [12.5, 7, 13, 6], "rotation": 180, "texture": "#all"},
				"south": {"uv": [12.5, 6, 13, 7], "texture": "#all"},
				"west": {"uv": [12.5, 6, 13, 7], "texture": "#all"},
				"up": {"uv": [13, 6, 12.5, 6.5], "rotation": 270, "texture": "#all"},
				"down": {"uv": [12.5, 6.5, 13, 7], "rotation": 270, "texture": "#all"}
			}
		},
		{
			"name": "candle_12",
			"from": [3.79167, -0.04167, 7.19167],
			"to": [3.79167, 0.95833, 8.19167],
			"rotation": {"angle": -45, "axis": "y", "origin": [5.56458, 4.73, 7.92417]},
			"faces": {
				"north": {"uv": [13.5, 6, 14, 7], "texture": "#all"},
				"east": {"uv": [13.5, 7, 14.5, 6], "rotation": 180, "texture": "#all"},
				"south": {"uv": [14, 6, 14.5, 7], "texture": "#all"},
				"west": {"uv": [13.5, 6, 14.5, 7], "texture": "#all"},
				"up": {"uv": [14.5, 6, 13.5, 6.5], "rotation": 270, "texture": "#all"},
				"down": {"uv": [13.5, 6.5, 14.5, 7], "rotation": 270, "texture": "#all"}
			}
		},
		{
			"name": "candle_7",
			"from": [3.79167, -0.04167, 8.19167],
			"to": [3.79167, 1.45833, 8.69167],
			"rotation": {"angle": -45, "axis": "y", "origin": [5.56458, 4.73, 7.92417]},
			"faces": {
				"north": {"uv": [14.5, 5.5, 15, 7], "texture": "#all"},
				"east": {"uv": [14.5, 7, 15, 5.5], "rotation": 180, "texture": "#all"},
				"south": {"uv": [14.5, 5.5, 15, 7], "texture": "#all"},
				"west": {"uv": [14.5, 5.5, 15, 7], "texture": "#all"},
				"up": {"uv": [15, 5.5, 14.5, 6], "rotation": 270, "texture": "#all"},
				"down": {"uv": [14.5, 6.5, 15, 7], "rotation": 270, "texture": "#all"}
			}
		},
		{
			"name": "candle_13",
			"from": [3.79167, -0.04167, 8.69167],
			"to": [3.79167, 0.95833, 9.19167],
			"rotation": {"angle": -45, "axis": "y", "origin": [5.56458, 4.73, 7.92417]},
			"faces": {
				"north": {"uv": [15, 6, 15.5, 7], "texture": "#all"},
				"east": {"uv": [15, 7, 15.5, 6], "rotation": 180, "texture": "#all"},
				"south": {"uv": [15, 6, 15.5, 7], "texture": "#all"},
				"west": {"uv": [15, 6, 15.5, 7], "texture": "#all"},
				"up": {"uv": [15.5, 6, 15, 6.5], "rotation": 270, "texture": "#all"},
				"down": {"uv": [15, 6.5, 15.5, 7], "rotation": 270, "texture": "#all"}
			}
		},
		{
			"name": "candle_16",
			"from": [3.79167, -0.04167, 9.19167],
			"to": [3.79167, 0.45833, 9.69167],
			"rotation": {"angle": -45, "axis": "y", "origin": [5.56458, 4.73, 7.92417]},
			"faces": {
				"north": {"uv": [15.5, 6.5, 16, 7], "texture": "#all"},
				"east": {"uv": [15.5, 7, 16, 6.5], "rotation": 180, "texture": "#all"},
				"south": {"uv": [15.5, 6.5, 16, 7], "texture": "#all"},
				"west": {"uv": [15.5, 6.5, 16, 7], "texture": "#all"},
				"up": {"uv": [16, 6.5, 15.5, 7], "rotation": 270, "texture": "#all"},
				"down": {"uv": [15.5, 6.5, 16, 7], "rotation": 270, "texture": "#all"}
			}
		},
		{
			"name": "candle_1",
			"from": [4.325, 8.05, 6.65],
			"to": [6.825, 8.55, 6.65],
			"rotation": {"angle": -45, "axis": "y", "origin": [5.56458, 4.73, 7.92417]},
			"faces": {
				"north": {"uv": [16, 0, 13.5, 0.5], "texture": "#all"},
				"east": {"uv": [15.5, 0, 16, 0.5], "rotation": 90, "texture": "#all"},
				"south": {"uv": [13.5, 0, 16, 0.5], "texture": "#all"},
				"west": {"uv": [13.5, 0, 14, 0.5], "rotation": 270, "texture": "#all"},
				"up": {"uv": [13.5, 0, 16, 0.5], "texture": "#all"},
				"down": {"uv": [13.5, 0.5, 16, 0], "texture": "#all"}
			}
		},
		{
			"name": "candle_1",
			"from": [6.825, 8.05, 6.65],
			"to": [6.825, 8.55, 9.15],
			"rotation": {"angle": -45, "axis": "y", "origin": [5.56458, 4.73, 7.92417]},
			"faces": {
				"north": {"uv": [13.5, 0, 14, 0.5], "rotation": 270, "texture": "#all"},
				"east": {"uv": [16, 0, 13.5, 0.5], "texture": "#all"},
				"south": {"uv": [15.5, 0, 16, 0.5], "rotation": 90, "texture": "#all"},
				"west": {"uv": [13.5, 0, 16, 0.5], "texture": "#all"},
				"up": {"uv": [13.5, 0, 16, 0.5], "rotation": 90, "texture": "#all"},
				"down": {"uv": [13.5, 0.5, 16, 0], "rotation": 270, "texture": "#all"}
			}
		},
		{
			"name": "candle_2",
			"from": [4.325, 8.05, 9.15],
			"to": [6.825, 8.55, 9.15],
			"rotation": {"angle": -45, "axis": "y", "origin": [5.56458, 4.73, 7.92417]},
			"faces": {
				"north": {"uv": [13.5, 0, 16, 0.5], "texture": "#all"},
				"east": {"uv": [13.5, 0, 14, 0.5], "rotation": 270, "texture": "#all"},
				"south": {"uv": [16, 0, 13.5, 0.5], "texture": "#all"},
				"west": {"uv": [15.5, 0, 16, 0.5], "rotation": 90, "texture": "#all"},
				"up": {"uv": [13.5, 0, 16, 0.5], "rotation": 180, "texture": "#all"},
				"down": {"uv": [13.5, 0.5, 16, 0], "rotation": 180, "texture": "#all"}
			}
		},
		{
			"name": "candle_0",
			"from": [4.325, 8.05, 6.65],
			"to": [4.325, 8.55, 9.15],
			"rotation": {"angle": -45, "axis": "y", "origin": [5.56458, 4.73, 7.92417]},
			"faces": {
				"north": {"uv": [15.5, 0, 16, 0.5], "rotation": 90, "texture": "#all"},
				"east": {"uv": [13.5, 0, 16, 0.5], "texture": "#all"},
				"south": {"uv": [13.5, 0, 14, 0.5], "rotation": 270, "texture": "#all"},
				"west": {"uv": [16, 0, 13.5, 0.5], "texture": "#all"},
				"up": {"uv": [13.5, 0, 16, 0.5], "rotation": 270, "texture": "#all"},
				"down": {"uv": [13.5, 0.5, 16, 0], "rotation": 90, "texture": "#all"}
			}
		},
		{
			"name": "candle_1",
			"from": [4.325, 8.05, 6.65],
			"to": [6.825, 8.05, 9.15],
			"rotation": {"angle": -45, "axis": "y", "origin": [5.56458, 4.73, 7.92417]},
			"faces": {
				"north": {"uv": [16, 1, 13.5, 1.5], "texture": "#all"},
				"east": {"uv": [15.5, 1, 16, 3.5], "rotation": 90, "texture": "#all"},
				"south": {"uv": [13.5, 3, 16, 3.5], "texture": "#all"},
				"west": {"uv": [13.5, 1, 14, 3.5], "rotation": 270, "texture": "#all"},
				"up": {"uv": [13.5, 1, 16, 3.5], "texture": "#all"},
				"down": {"uv": [13.5, 3.5, 16, 1], "texture": "#all"}
			}
		},
		{
			"name": "candle_7",
			"from": [3.825, 8.55, 6.15],
			"to": [7.325, 8.55, 6.65],
			"rotation": {"angle": -45, "axis": "y", "origin": [5.56458, 4.73, 7.92417]},
			"faces": {
				"north": {"uv": [9, 6, 5.5, 6.5], "texture": "#all"},
				"east": {"uv": [8.5, 6, 9, 6.5], "rotation": 90, "texture": "#all"},
				"south": {"uv": [5.5, 6, 9, 6.5], "texture": "#all"},
				"west": {"uv": [5.5, 6, 6, 6.5], "rotation": 270, "texture": "#all"},
				"up": {"uv": [5.5, 6, 9, 6.5], "texture": "#all"},
				"down": {"uv": [5.5, 6.5, 9, 6], "texture": "#all"}
			}
		},
		{
			"name": "candle_12",
			"from": [6.825, 8.55, 6.65],
			"to": [7.325, 8.55, 9.65],
			"rotation": {"angle": -45, "axis": "y", "origin": [5.56458, 4.73, 7.92417]},
			"faces": {
				"north": {"uv": [9, 6.5, 8.5, 7], "texture": "#all"},
				"east": {"uv": [8.5, 6.5, 9, 9.5], "rotation": 90, "texture": "#all"},
				"south": {"uv": [8.5, 9, 9, 9.5], "texture": "#all"},
				"west": {"uv": [8.5, 6.5, 9, 9.5], "rotation": 270, "texture": "#all"},
				"up": {"uv": [8.5, 6.5, 9, 9.5], "texture": "#all"},
				"down": {"uv": [8.5, 9.5, 9, 6.5], "texture": "#all"}
			}
		},
		{
			"name": "candle_15",
			"from": [4.325, 8.55, 9.15],
			"to": [6.825, 8.55, 9.65],
			"rotation": {"angle": -45, "axis": "y", "origin": [5.56458, 4.73, 7.92417]},
			"faces": {
				"north": {"uv": [8.5, 9, 6, 9.5], "texture": "#all"},
				"east": {"uv": [8, 9, 8.5, 9.5], "rotation": 90, "texture": "#all"},
				"south": {"uv": [6, 9, 8.5, 9.5], "texture": "#all"},
				"west": {"uv": [6, 9, 6.5, 9.5], "rotation": 270, "texture": "#all"},
				"up": {"uv": [6, 9, 8.5, 9.5], "texture": "#all"},
				"down": {"uv": [6, 9.5, 8.5, 9], "texture": "#all"}
			}
		},
		{
			"name": "candle_11",
			"from": [3.825, 8.55, 6.65],
			"to": [4.325, 8.55, 9.65],
			"rotation": {"angle": -45, "axis": "y", "origin": [5.56458, 4.73, 7.92417]},
			"faces": {
				"north": {"uv": [6, 6.5, 5.5, 7], "texture": "#all"},
				"east": {"uv": [5.5, 6.5, 6, 9.5], "rotation": 90, "texture": "#all"},
				"south": {"uv": [5.5, 9, 6, 9.5], "texture": "#all"},
				"west": {"uv": [5.5, 6.5, 6, 9.5], "rotation": 270, "texture": "#all"},
				"up": {"uv": [5.5, 6.5, 6, 9.5], "texture": "#all"},
				"down": {"uv": [5.5, 9.5, 6, 6.5], "texture": "#all"}
			}
		},
		{
			"name": "candle_17",
			"from": [3.825, 7.56667, 9.64167],
			"to": [7.325, 8.56667, 9.64167],
			"rotation": {"angle": -45, "axis": "y", "origin": [5.56458, 4.73, 7.92417]},
			"faces": {
				"north": {"uv": [5.5, 11, 9, 10], "rotation": 180, "texture": "#all"},
				"east": {"uv": [8.5, 10, 9, 11], "texture": "#all"},
				"south": {"uv": [5.5, 10, 9, 11], "texture": "#all"},
				"west": {"uv": [5.5, 10, 6, 11], "texture": "#all"},
				"up": {"uv": [9, 10, 5.5, 10.5], "rotation": 180, "texture": "#all"},
				"down": {"uv": [5.5, 10.5, 9, 11], "texture": "#all"}
			}
		},
		{
			"name": "candle_20",
			"from": [6.825, 7.06667, 9.64167],
			"to": [7.325, 7.56667, 9.64167],
			"rotation": {"angle": -45, "axis": "y", "origin": [5.56458, 4.73, 7.92417]},
			"faces": {
				"north": {"uv": [8.5, 11.5, 9, 11], "rotation": 180, "texture": "#all"},
				"east": {"uv": [8.5, 11, 9, 11.5], "texture": "#all"},
				"south": {"uv": [8.5, 11, 9, 11.5], "texture": "#all"},
				"west": {"uv": [8.5, 11, 9, 11.5], "texture": "#all"},
				"up": {"uv": [9, 11, 8.5, 11.5], "rotation": 180, "texture": "#all"},
				"down": {"uv": [8.5, 11, 9, 11.5], "texture": "#all"}
			}
		},
		{
			"name": "candle_19",
			"from": [5.325, 7.06667, 9.64167],
			"to": [6.325, 7.56667, 9.64167],
			"rotation": {"angle": -45, "axis": "y", "origin": [5.56458, 4.73, 7.92417]},
			"faces": {
				"north": {"uv": [7, 11.5, 8, 11], "rotation": 180, "texture": "#all"},
				"east": {"uv": [7.5, 11, 8, 11.5], "texture": "#all"},
				"south": {"uv": [7, 11, 8, 11.5], "texture": "#all"},
				"west": {"uv": [7, 11, 7.5, 11.5], "texture": "#all"},
				"up": {"uv": [8, 11, 7, 11.5], "rotation": 180, "texture": "#all"},
				"down": {"uv": [7, 11, 8, 11.5], "texture": "#all"}
			}
		},
		{
			"name": "candle_22",
			"from": [5.825, 6.56667, 9.64167],
			"to": [6.325, 7.06667, 9.64167],
			"rotation": {"angle": -45, "axis": "y", "origin": [5.56458, 4.73, 7.92417]},
			"faces": {
				"north": {"uv": [7.5, 12, 8, 11.5], "rotation": 180, "texture": "#all"},
				"east": {"uv": [7.5, 11.5, 8, 12], "texture": "#all"},
				"south": {"uv": [7.5, 11.5, 8, 12], "texture": "#all"},
				"west": {"uv": [7.5, 11.5, 8, 12], "texture": "#all"},
				"up": {"uv": [8, 11.5, 7.5, 12], "rotation": 180, "texture": "#all"},
				"down": {"uv": [7.5, 11.5, 8, 12], "texture": "#all"}
			}
		},
		{
			"name": "candle_21",
			"from": [3.825, 6.56667, 9.64167],
			"to": [4.325, 7.06667, 9.64167],
			"rotation": {"angle": -45, "axis": "y", "origin": [5.56458, 4.73, 7.92417]},
			"faces": {
				"north": {"uv": [5.5, 12, 6, 11.5], "rotation": 180, "texture": "#all"},
				"east": {"uv": [5.5, 11.5, 6, 12], "texture": "#all"},
				"south": {"uv": [5.5, 11.5, 6, 12], "texture": "#all"},
				"west": {"uv": [5.5, 11.5, 6, 12], "texture": "#all"},
				"up": {"uv": [6, 11.5, 5.5, 12], "rotation": 180, "texture": "#all"},
				"down": {"uv": [5.5, 11.5, 6, 12], "texture": "#all"}
			}
		},
		{
			"name": "candle_18",
			"from": [3.825, 7.06667, 9.64167],
			"to": [4.825, 7.56667, 9.64167],
			"rotation": {"angle": -45, "axis": "y", "origin": [5.56458, 4.73, 7.92417]},
			"faces": {
				"north": {"uv": [5.5, 11.5, 6.5, 11], "rotation": 180, "texture": "#all"},
				"east": {"uv": [6, 11, 6.5, 11.5], "texture": "#all"},
				"south": {"uv": [5.5, 11, 6.5, 11.5], "texture": "#all"},
				"west": {"uv": [5.5, 11, 6, 11.5], "texture": "#all"},
				"up": {"uv": [6.5, 11, 5.5, 11.5], "rotation": 180, "texture": "#all"},
				"down": {"uv": [5.5, 11, 6.5, 11.5], "texture": "#all"}
			}
		},
		{
			"name": "candle_18",
			"from": [7.31667, 7.56667, 6.15833],
			"to": [7.31667, 8.56667, 9.65833],
			"rotation": {"angle": -45, "axis": "y", "origin": [5.56458, 4.73, 7.92417]},
			"faces": {
				"north": {"uv": [8.5, 10, 9, 11], "texture": "#all"},
				"east": {"uv": [5.5, 10, 9, 11], "texture": "#all"},
				"south": {"uv": [5.5, 10, 6, 11], "texture": "#all"},
				"west": {"uv": [5.5, 11, 9, 10], "rotation": 180, "texture": "#all"},
				"up": {"uv": [9, 10, 5.5, 10.5], "rotation": 90, "texture": "#all"},
				"down": {"uv": [5.5, 10.5, 9, 11], "rotation": 90, "texture": "#all"}
			}
		},
		{
			"name": "candle_21",
			"from": [7.31667, 7.06667, 6.15833],
			"to": [7.31667, 7.56667, 6.65833],
			"rotation": {"angle": -45, "axis": "y", "origin": [5.56458, 4.73, 7.92417]},
			"faces": {
				"north": {"uv": [8.5, 11, 9, 11.5], "texture": "#all"},
				"east": {"uv": [8.5, 11, 9, 11.5], "texture": "#all"},
				"south": {"uv": [8.5, 11, 9, 11.5], "texture": "#all"},
				"west": {"uv": [8.5, 11.5, 9, 11], "rotation": 180, "texture": "#all"},
				"up": {"uv": [9, 11, 8.5, 11.5], "rotation": 90, "texture": "#all"},
				"down": {"uv": [8.5, 11, 9, 11.5], "rotation": 90, "texture": "#all"}
			}
		},
		{
			"name": "candle_20",
			"from": [7.31667, 7.06667, 7.15833],
			"to": [7.31667, 7.56667, 8.15833],
			"rotation": {"angle": -45, "axis": "y", "origin": [5.56458, 4.73, 7.92417]},
			"faces": {
				"north": {"uv": [7.5, 11, 8, 11.5], "texture": "#all"},
				"east": {"uv": [7, 11, 8, 11.5], "texture": "#all"},
				"south": {"uv": [7, 11, 7.5, 11.5], "texture": "#all"},
				"west": {"uv": [7, 11.5, 8, 11], "rotation": 180, "texture": "#all"},
				"up": {"uv": [8, 11, 7, 11.5], "rotation": 90, "texture": "#all"},
				"down": {"uv": [7, 11, 8, 11.5], "rotation": 90, "texture": "#all"}
			}
		},
		{
			"name": "candle_23",
			"from": [7.31667, 6.56667, 7.15833],
			"to": [7.31667, 7.06667, 7.65833],
			"rotation": {"angle": -45, "axis": "y", "origin": [5.56458, 4.73, 7.92417]},
			"faces": {
				"north": {"uv": [7.5, 11.5, 8, 12], "texture": "#all"},
				"east": {"uv": [7.5, 11.5, 8, 12], "texture": "#all"},
				"south": {"uv": [7.5, 11.5, 8, 12], "texture": "#all"},
				"west": {"uv": [7.5, 12, 8, 11.5], "rotation": 180, "texture": "#all"},
				"up": {"uv": [8, 11.5, 7.5, 12], "rotation": 90, "texture": "#all"},
				"down": {"uv": [7.5, 11.5, 8, 12], "rotation": 90, "texture": "#all"}
			}
		},
		{
			"name": "candle_22",
			"from": [7.31667, 6.56667, 9.15833],
			"to": [7.31667, 7.06667, 9.65833],
			"rotation": {"angle": -45, "axis": "y", "origin": [5.56458, 4.73, 7.92417]},
			"faces": {
				"north": {"uv": [5.5, 11.5, 6, 12], "texture": "#all"},
				"east": {"uv": [5.5, 11.5, 6, 12], "texture": "#all"},
				"south": {"uv": [5.5, 11.5, 6, 12], "texture": "#all"},
				"west": {"uv": [5.5, 12, 6, 11.5], "rotation": 180, "texture": "#all"},
				"up": {"uv": [6, 11.5, 5.5, 12], "rotation": 90, "texture": "#all"},
				"down": {"uv": [5.5, 11.5, 6, 12], "rotation": 90, "texture": "#all"}
			}
		},
		{
			"name": "candle_19",
			"from": [7.31667, 7.06667, 8.65833],
			"to": [7.31667, 7.56667, 9.65833],
			"rotation": {"angle": -45, "axis": "y", "origin": [5.56458, 4.73, 7.92417]},
			"faces": {
				"north": {"uv": [6, 11, 6.5, 11.5], "texture": "#all"},
				"east": {"uv": [5.5, 11, 6.5, 11.5], "texture": "#all"},
				"south": {"uv": [5.5, 11, 6, 11.5], "texture": "#all"},
				"west": {"uv": [5.5, 11.5, 6.5, 11], "rotation": 180, "texture": "#all"},
				"up": {"uv": [6.5, 11, 5.5, 11.5], "rotation": 90, "texture": "#all"},
				"down": {"uv": [5.5, 11, 6.5, 11.5], "rotation": 90, "texture": "#all"}
			}
		},
		{
			"name": "candle_19",
			"from": [3.83333, 7.56667, 6.16667],
			"to": [7.33333, 8.56667, 6.16667],
			"rotation": {"angle": -45, "axis": "y", "origin": [5.56458, 4.73, 7.92417]},
			"faces": {
				"north": {"uv": [5.5, 10, 9, 11], "texture": "#all"},
				"east": {"uv": [5.5, 10, 6, 11], "texture": "#all"},
				"south": {"uv": [5.5, 11, 9, 10], "rotation": 180, "texture": "#all"},
				"west": {"uv": [8.5, 10, 9, 11], "texture": "#all"},
				"up": {"uv": [9, 10, 5.5, 10.5], "texture": "#all"},
				"down": {"uv": [5.5, 10.5, 9, 11], "rotation": 180, "texture": "#all"}
			}
		},
		{
			"name": "candle_22",
			"from": [3.83333, 7.06667, 6.16667],
			"to": [4.33333, 7.56667, 6.16667],
			"rotation": {"angle": -45, "axis": "y", "origin": [5.56458, 4.73, 7.92417]},
			"faces": {
				"north": {"uv": [8.5, 11, 9, 11.5], "texture": "#all"},
				"east": {"uv": [8.5, 11, 9, 11.5], "texture": "#all"},
				"south": {"uv": [8.5, 11.5, 9, 11], "rotation": 180, "texture": "#all"},
				"west": {"uv": [8.5, 11, 9, 11.5], "texture": "#all"},
				"up": {"uv": [9, 11, 8.5, 11.5], "texture": "#all"},
				"down": {"uv": [8.5, 11, 9, 11.5], "rotation": 180, "texture": "#all"}
			}
		},
		{
			"name": "candle_21",
			"from": [4.83333, 7.06667, 6.16667],
			"to": [5.83333, 7.56667, 6.16667],
			"rotation": {"angle": -45, "axis": "y", "origin": [5.56458, 4.73, 7.92417]},
			"faces": {
				"north": {"uv": [7, 11, 8, 11.5], "texture": "#all"},
				"east": {"uv": [7, 11, 7.5, 11.5], "texture": "#all"},
				"south": {"uv": [7, 11.5, 8, 11], "rotation": 180, "texture": "#all"},
				"west": {"uv": [7.5, 11, 8, 11.5], "texture": "#all"},
				"up": {"uv": [8, 11, 7, 11.5], "texture": "#all"},
				"down": {"uv": [7, 11, 8, 11.5], "rotation": 180, "texture": "#all"}
			}
		},
		{
			"name": "candle_24",
			"from": [4.83333, 6.56667, 6.16667],
			"to": [5.33333, 7.06667, 6.16667],
			"rotation": {"angle": -45, "axis": "y", "origin": [5.56458, 4.73, 7.92417]},
			"faces": {
				"north": {"uv": [7.5, 11.5, 8, 12], "texture": "#all"},
				"east": {"uv": [7.5, 11.5, 8, 12], "texture": "#all"},
				"south": {"uv": [7.5, 12, 8, 11.5], "rotation": 180, "texture": "#all"},
				"west": {"uv": [7.5, 11.5, 8, 12], "texture": "#all"},
				"up": {"uv": [8, 11.5, 7.5, 12], "texture": "#all"},
				"down": {"uv": [7.5, 11.5, 8, 12], "rotation": 180, "texture": "#all"}
			}
		},
		{
			"name": "candle_23",
			"from": [6.83333, 6.56667, 6.16667],
			"to": [7.33333, 7.06667, 6.16667],
			"rotation": {"angle": -45, "axis": "y", "origin": [5.56458, 4.73, 7.92417]},
			"faces": {
				"north": {"uv": [5.5, 11.5, 6, 12], "texture": "#all"},
				"east": {"uv": [5.5, 11.5, 6, 12], "texture": "#all"},
				"south": {"uv": [5.5, 12, 6, 11.5], "rotation": 180, "texture": "#all"},
				"west": {"uv": [5.5, 11.5, 6, 12], "texture": "#all"},
				"up": {"uv": [6, 11.5, 5.5, 12], "texture": "#all"},
				"down": {"uv": [5.5, 11.5, 6, 12], "rotation": 180, "texture": "#all"}
			}
		},
		{
			"name": "candle_20",
			"from": [6.33333, 7.06667, 6.16667],
			"to": [7.33333, 7.56667, 6.16667],
			"rotation": {"angle": -45, "axis": "y", "origin": [5.56458, 4.73, 7.92417]},
			"faces": {
				"north": {"uv": [5.5, 11, 6.5, 11.5], "texture": "#all"},
				"east": {"uv": [5.5, 11, 6, 11.5], "texture": "#all"},
				"south": {"uv": [5.5, 11.5, 6.5, 11], "rotation": 180, "texture": "#all"},
				"west": {"uv": [6, 11, 6.5, 11.5], "texture": "#all"},
				"up": {"uv": [6.5, 11, 5.5, 11.5], "texture": "#all"},
				"down": {"uv": [5.5, 11, 6.5, 11.5], "rotation": 180, "texture": "#all"}
			}
		},
		{
			"name": "candle_20",
			"from": [3.84167, 7.56667, 6.15],
			"to": [3.84167, 8.56667, 9.65],
			"rotation": {"angle": -45, "axis": "y", "origin": [5.56458, 4.73, 7.92417]},
			"faces": {
				"north": {"uv": [5.5, 10, 6, 11], "texture": "#all"},
				"east": {"uv": [5.5, 11, 9, 10], "rotation": 180, "texture": "#all"},
				"south": {"uv": [8.5, 10, 9, 11], "texture": "#all"},
				"west": {"uv": [5.5, 10, 9, 11], "texture": "#all"},
				"up": {"uv": [9, 10, 5.5, 10.5], "rotation": 270, "texture": "#all"},
				"down": {"uv": [5.5, 10.5, 9, 11], "rotation": 270, "texture": "#all"}
			}
		},
		{
			"name": "candle_23",
			"from": [3.84167, 7.06667, 9.15],
			"to": [3.84167, 7.56667, 9.65],
			"rotation": {"angle": -45, "axis": "y", "origin": [5.56458, 4.73, 7.92417]},
			"faces": {
				"north": {"uv": [8.5, 11, 9, 11.5], "texture": "#all"},
				"east": {"uv": [8.5, 11.5, 9, 11], "rotation": 180, "texture": "#all"},
				"south": {"uv": [8.5, 11, 9, 11.5], "texture": "#all"},
				"west": {"uv": [8.5, 11, 9, 11.5], "texture": "#all"},
				"up": {"uv": [9, 11, 8.5, 11.5], "rotation": 270, "texture": "#all"},
				"down": {"uv": [8.5, 11, 9, 11.5], "rotation": 270, "texture": "#all"}
			}
		},
		{
			"name": "candle_22",
			"from": [3.84167, 7.06667, 7.65],
			"to": [3.84167, 7.56667, 8.65],
			"rotation": {"angle": -45, "axis": "y", "origin": [5.56458, 4.73, 7.92417]},
			"faces": {
				"north": {"uv": [7, 11, 7.5, 11.5], "texture": "#all"},
				"east": {"uv": [7, 11.5, 8, 11], "rotation": 180, "texture": "#all"},
				"south": {"uv": [7.5, 11, 8, 11.5], "texture": "#all"},
				"west": {"uv": [7, 11, 8, 11.5], "texture": "#all"},
				"up": {"uv": [8, 11, 7, 11.5], "rotation": 270, "texture": "#all"},
				"down": {"uv": [7, 11, 8, 11.5], "rotation": 270, "texture": "#all"}
			}
		},
		{
			"name": "candle_25",
			"from": [3.84167, 6.56667, 8.15],
			"to": [3.84167, 7.06667, 8.65],
			"rotation": {"angle": -45, "axis": "y", "origin": [5.56458, 4.73, 7.92417]},
			"faces": {
				"north": {"uv": [7.5, 11.5, 8, 12], "texture": "#all"},
				"east": {"uv": [7.5, 12, 8, 11.5], "rotation": 180, "texture": "#all"},
				"south": {"uv": [7.5, 11.5, 8, 12], "texture": "#all"},
				"west": {"uv": [7.5, 11.5, 8, 12], "texture": "#all"},
				"up": {"uv": [8, 11.5, 7.5, 12], "rotation": 270, "texture": "#all"},
				"down": {"uv": [7.5, 11.5, 8, 12], "rotation": 270, "texture": "#all"}
			}
		},
		{
			"name": "candle_24",
			"from": [3.84167, 6.56667, 6.15],
			"to": [3.84167, 7.06667, 6.65],
			"rotation": {"angle": -45, "axis": "y", "origin": [5.56458, 4.73, 7.92417]},
			"faces": {
				"north": {"uv": [5.5, 11.5, 6, 12], "texture": "#all"},
				"east": {"uv": [5.5, 12, 6, 11.5], "rotation": 180, "texture": "#all"},
				"south": {"uv": [5.5, 11.5, 6, 12], "texture": "#all"},
				"west": {"uv": [5.5, 11.5, 6, 12], "texture": "#all"},
				"up": {"uv": [6, 11.5, 5.5, 12], "rotation": 270, "texture": "#all"},
				"down": {"uv": [5.5, 11.5, 6, 12], "rotation": 270, "texture": "#all"}
			}
		},
		{
			"name": "candle_21",
			"from": [3.84167, 7.06667, 6.15],
			"to": [3.84167, 7.56667, 7.15],
			"rotation": {"angle": -45, "axis": "y", "origin": [5.56458, 4.73, 7.92417]},
			"faces": {
				"north": {"uv": [5.5, 11, 6, 11.5], "texture": "#all"},
				"east": {"uv": [5.5, 11.5, 6.5, 11], "rotation": 180, "texture": "#all"},
				"south": {"uv": [6, 11, 6.5, 11.5], "texture": "#all"},
				"west": {"uv": [5.5, 11, 6.5, 11.5], "texture": "#all"},
				"up": {"uv": [6.5, 11, 5.5, 11.5], "rotation": 270, "texture": "#all"},
				"down": {"uv": [5.5, 11, 6.5, 11.5], "rotation": 270, "texture": "#all"}
			}
		}
	],
	"groups": [
		{
			"name": "candle_two_candles",
			"origin": [8, 8, 8],
			"children": [
				{
					"name": "Candle",
					"origin": [8, 3, 8],
					"children": [0, 1, 2,
						{
							"name": "candle",
							"origin": [8, 8, 8],
							"children": [
								{
									"name": "candle bottom",
									"origin": [14.29167, 11, 6.45833],
									"children": [
										{
											"name": "candle bottom1",
											"origin": [14.29167, 11, 6.45833],
											"children": [3, 4, 5, 6, 7, 8]
										},
										{
											"name": "candle bottom2",
											"origin": [14.29167, 11, 6.45833],
											"children": [9, 10, 11, 12, 13, 14]
										},
										{
											"name": "candle bottom3",
											"origin": [14.29167, 11, 6.45833],
											"children": [15, 16, 17, 18, 19, 20]
										},
										{
											"name": "candle bottom4",
											"origin": [14.29167, 11, 6.45833],
											"children": [21, 22, 23, 24, 25, 26]
										}
									]
								},
								{
									"name": "top",
									"origin": [8, 19, 8],
									"children": [27, 28, 29, 30, 31, 32, 33, 34, 35,
										{
											"name": "top side1",
											"origin": [7.16667, 11, 11.29167],
											"children": [36, 37, 38, 39, 40, 41]
										},
										{
											"name": "top side2",
											"origin": [7.16667, 11, 11.29167],
											"children": [42, 43, 44, 45, 46, 47]
										},
										{
											"name": "top side3",
											"origin": [7.16667, 11, 11.29167],
											"children": [48, 49, 50, 51, 52, 53]
										},
										{
											"name": "top side3",
											"origin": [7.16667, 11, 11.29167],
											"children": [54, 55, 56, 57, 58, 59]
										}
									]
								}
							]
						}
					]
				},
				{
					"name": "Candle",
					"origin": [8, 3, 8],
					"children": [60, 61, 62,
						{
							"name": "candle",
							"origin": [8, 8, 8],
							"children": [
								{
									"name": "candle bottom",
									"origin": [14.29167, 11, 6.45833],
									"children": [
										{
											"name": "candle bottom1",
											"origin": [14.29167, 11, 6.45833],
											"children": [63, 64, 65, 66, 67, 68]
										},
										{
											"name": "candle bottom2",
											"origin": [14.29167, 11, 6.45833],
											"children": [69, 70, 71, 72, 73, 74]
										},
										{
											"name": "candle bottom3",
											"origin": [14.29167, 11, 6.45833],
											"children": [75, 76, 77, 78, 79, 80]
										},
										{
											"name": "candle bottom4",
											"origin": [14.29167, 11, 6.45833],
											"children": [81, 82, 83, 84, 85, 86]
										}
									]
								},
								{
									"name": "top",
									"origin": [8, 19, 8],
									"children": [87, 88, 89, 90, 91, 92, 93, 94, 95,
										{
											"name": "top side1",
											"origin": [7.16667, 11, 11.29167],
											"children": [96, 97, 98, 99, 100, 101]
										},
										{
											"name": "top side2",
											"origin": [7.16667, 11, 11.29167],
											"children": [102, 103, 104, 105, 106, 107]
										},
										{
											"name": "top side3",
											"origin": [7.16667, 11, 11.29167],
											"children": [108, 109, 110, 111, 112, 113]
										},
										{
											"name": "top side3",
											"origin": [7.16667, 11, 11.29167],
											"children": [114, 115, 116, 117, 118, 119]
										}
									]
								}
							]
						}
					]
				}
			]
		}
	]
}