{
	"credit": "Made with Blockbench",
	"textures": {
		"0": "block/acacia_door_top",
		"particle": "block/acacia_door_top"
	},
	"elements": [
		{
			"from": [0, 0, 0],
			"to": [3, 16, 5],
			"faces": {
				"north": {"uv": [0, 0, 3, 16], "texture": "#0"},
				"east": {"uv": [11, 0, 16, 16], "texture": "#0"},
				"south": {"uv": [0, 3, 3, 6], "texture": "#0"},
				"west": {"uv": [0, 0, 5, 16], "texture": "#0"},
				"up": {"uv": [0, 0, 3, 6], "texture": "#0"},
				"down": {"uv": [0, 0, 3, 6], "texture": "#missing"}
			}
		},
		{
			"from": [0, 0, 11],
			"to": [3, 16, 16],
			"faces": {
				"north": {"uv": [0, 3, 3, 6], "texture": "#0"},
				"east": {"uv": [0, 0, 5, 16], "texture": "#0"},
				"south": {"uv": [0, 0, 3, 16], "texture": "#0"},
				"west": {"uv": [11, 0, 16, 16], "texture": "#0"},
				"up": {"uv": [13, 0, 16, 7], "rotation": 180, "texture": "#0"},
				"down": {"uv": [0, 0, 3, 7], "texture": "#missing"}
			}
		},
		{
			"from": [0, 0, 5],
			"to": [3, 4, 11],
			"faces": {
				"north": {"uv": [0, 0, 3, 16], "texture": "#missing"},
				"east": {"uv": [5, 12, 11, 16], "texture": "#0"},
				"south": {"uv": [0, 0, 3, 16], "texture": "#missing"},
				"west": {"uv": [6, 12, 11, 16], "texture": "#0"},
				"up": {"uv": [13, 7, 16, 11], "texture": "#0"},
				"down": {"uv": [0, 0, 3, 5], "texture": "#missing"}
			}
		},
		{
			"from": [0, 10, 5],
			"to": [3, 16, 11],
			"faces": {
				"north": {"uv": [0, 0, 3, 16], "texture": "#missing"},
				"east": {"uv": [5, 0, 11, 6], "texture": "#0"},
				"south": {"uv": [0, 0, 3, 16], "texture": "#missing"},
				"west": {"uv": [6, 0, 11, 6], "texture": "#0"},
				"up": {"uv": [7, 0, 10, 3], "rotation": 270, "texture": "#0"},
				"down": {"uv": [0, 3, 3, 6], "texture": "#0"}
			}
		},
		{
			"from": [0, 4, 5],
			"to": [3, 5, 6],
			"faces": {
				"north": {"uv": [0, 0, 3, 1], "texture": "#missing"},
				"east": {"uv": [0, 0, 1, 1], "texture": "#0"},
				"south": {"uv": [0, 3, 3, 4], "texture": "#0"},
				"west": {"uv": [5, 6, 6, 7], "texture": "#0"},
				"up": {"uv": [0, 3, 3, 4], "texture": "#0"},
				"down": {"uv": [0, 0, 3, 1], "texture": "#missing"}
			}
		},
		{
			"from": [0, 9, 5],
			"to": [3, 10, 6],
			"faces": {
				"north": {"uv": [0, 0, 3, 1], "texture": "#missing"},
				"east": {"uv": [0, 0, 1, 1], "texture": "#0"},
				"south": {"uv": [0, 3, 3, 4], "texture": "#0"},
				"west": {"uv": [5, 6, 6, 7], "texture": "#0"},
				"up": {"uv": [0, 0, 3, 1], "texture": "#missing"},
				"down": {"uv": [0, 3, 3, 4], "texture": "#0"}
			}
		},
		{
			"from": [0, 9, 10],
			"to": [3, 10, 11],
			"faces": {
				"north": {"uv": [0, 3, 3, 4], "texture": "#0"},
				"east": {"uv": [5, 6, 6, 7], "texture": "#0"},
				"south": {"uv": [0, 0, 3, 1], "texture": "#missing"},
				"west": {"uv": [0, 0, 1, 1], "texture": "#0"},
				"up": {"uv": [0, 0, 3, 1], "texture": "#missing"},
				"down": {"uv": [0, 3, 3, 4], "texture": "#0"}
			}
		},
		{
			"from": [0, 4, 10],
			"to": [3, 5, 11],
			"faces": {
				"north": {"uv": [0, 3, 3, 4], "texture": "#0"},
				"east": {"uv": [5, 6, 6, 7], "texture": "#0"},
				"south": {"uv": [0, 0, 3, 1], "texture": "#missing"},
				"west": {"uv": [0, 0, 1, 1], "texture": "#0"},
				"up": {"uv": [0, 3, 3, 4], "texture": "#0"},
				"down": {"uv": [0, 0, 3, 1], "texture": "#missing"}
			}
		}
	]
}