{
	"credit": "Made with Blockbench",
	"textures": {
		"0": "block/oak_door_top",
		"particle": "block/oak_door_top"
	},
	"elements": [
		{
			"from": [0, 0, 0],
			"to": [3, 16, 6],
			"faces": {
				"north": {"uv": [0, 0, 3, 16], "texture": "#0"},
				"east": {"uv": [10, 0, 16, 16], "texture": "#0"},
				"south": {"uv": [13, 0, 16, 16], "texture": "#0"},
				"west": {"uv": [0, 0, 6, 16], "texture": "#0"},
				"up": {"uv": [0, 8, 3, 14], "texture": "#0"},
				"down": {"uv": [0, 0, 3, 6], "texture": "#missing"}
			}
		},
		{
			"from": [0, 0, 10],
			"to": [3, 16, 16],
			"faces": {
				"north": {"uv": [13, 0, 16, 16], "texture": "#0"},
				"east": {"uv": [0, 0, 6, 16], "texture": "#0"},
				"south": {"uv": [0, 0, 3, 16], "texture": "#0"},
				"west": {"uv": [10, 0, 16, 16], "texture": "#0"},
				"up": {"uv": [0, 8, 3, 13], "rotation": 180, "texture": "#0"},
				"down": {"uv": [0, 0, 3, 5], "texture": "#missing"}
			}
		},
		{
			"from": [0, 0, 6],
			"to": [3, 3, 10],
			"faces": {
				"north": {"uv": [0, 0, 3, 16], "texture": "#missing"},
				"east": {"uv": [6, 13, 10, 16], "texture": "#0"},
				"south": {"uv": [0, 0, 3, 16], "texture": "#missing"},
				"west": {"uv": [6, 13, 10, 16], "texture": "#0"},
				"up": {"uv": [13, 11, 16, 16], "texture": "#0"},
				"down": {"uv": [0, 0, 3, 5], "texture": "#missing"}
			}
		},
		{
			"from": [0, 11, 6],
			"to": [3, 16, 10],
			"faces": {
				"north": {"uv": [0, 0, 3, 16], "texture": "#missing"},
				"east": {"uv": [6, 0, 10, 5], "texture": "#0"},
				"south": {"uv": [0, 0, 3, 16], "texture": "#missing"},
				"west": {"uv": [6, 0, 10, 5], "texture": "#0"},
				"up": {"uv": [0, 11, 3, 16], "texture": "#0"},
				"down": {"uv": [13, 11, 16, 16], "texture": "#0"}
			}
		}
	]
}