{
	"credit": "Made with Blockbench",
	"ambientocclusion": false,
	"textures": {
		"0": "block/powered_rail_on",
		"particle": "block/powered_rail_on"
	},
	"elements": [
		{
			"from": [0.00005, 0.51396, -0.01399],
			"to": [16.00005, 0.51396, 22.98601],
			"rotation": {"angle": -45, "axis": "x", "origin": [8, 0, 0]},
			"faces": {
				"north": {"uv": [0, 0, 16, 0], "texture": "#missing"},
				"east": {"uv": [0, 0, 16, 0], "texture": "#missing"},
				"south": {"uv": [0, 0, 16, 0], "texture": "#missing"},
				"west": {"uv": [0, 0, 16, 0], "texture": "#missing"},
				"up": {"uv": [0, 0, 16, 16], "texture": "#0"},
				"down": {"uv": [0, 0, 16, 16], "texture": "#0"}
			}
		},
		{
			"from": [1.00005, 0.01396, -0.01399],
			"to": [4.00005, 1.01396, 22.98601],
			"rotation": {"angle": -45, "axis": "x", "origin": [8, 0, 0]},
			"faces": {
				"north": {"uv": [12, 0, 15, 16], "texture": "#0"},
				"east": {"uv": [3, 0, 4, 1], "texture": "#0"},
				"south": {"uv": [1, 0, 5, 16], "texture": "#0"},
				"west": {"uv": [1, 0, 2, 16], "texture": "#0"},
				"up": {"uv": [1, 0, 4, 16], "texture": "#0"},
				"down": {"uv": [1, 0, 4, 16], "texture": "#0"}
			}
		},
		{
			"from": [12.00005, 0.01396, -0.01399],
			"to": [15.00005, 1.01396, 22.98601],
			"rotation": {"angle": -45, "axis": "x", "origin": [8, 0, 0]},
			"faces": {
				"north": {"uv": [1, 0, 4, 16], "texture": "#0"},
				"east": {"uv": [1, 0, 2, 16], "texture": "#0"},
				"south": {"uv": [11, 0, 15, 16], "texture": "#0"},
				"west": {"uv": [3, 0, 4, 1], "texture": "#0"},
				"up": {"uv": [12, 0, 15, 16], "texture": "#0"},
				"down": {"uv": [12, 0, 15, 16], "texture": "#0"}
			}
		},
		{
			"from": [1.00018, 15.97051, 15.53649],
			"to": [4.00018, 16.97051, 17.53649],
			"faces": {
				"north": {"uv": [0, 0, 4, 1], "texture": "#0"},
				"east": {"uv": [3, 0, 4, 1], "texture": "#0"},
				"south": {"uv": [1, 0, 4, 1], "texture": "#0"},
				"west": {"uv": [1, 0, 2, 1], "texture": "#0"},
				"up": {"uv": [1, 0, 4, 1], "texture": "#0"},
				"down": {"uv": [1, 0, 4, 1], "texture": "#0"}
			}
		},
		{
			"from": [12.00022, 15.97054, 15.53641],
			"to": [15.00022, 16.97054, 17.53641],
			"faces": {
				"north": {"uv": [1, 0, 5, 1], "texture": "#0"},
				"east": {"uv": [1, 0, 2, 1], "texture": "#0"},
				"south": {"uv": [12, 0, 15, 1], "texture": "#0"},
				"west": {"uv": [3, 0, 4, 1], "texture": "#0"},
				"up": {"uv": [12, 0, 15, 1], "texture": "#0"},
				"down": {"uv": [12, 0, 15, 1], "texture": "#0"}
			}
		}
	]
}