{
	"credit": "Made with Blockbench",
	"textures": {
		"0": "block/rail_corner",
		"particle": "block/rail_corner"
	},
	"elements": [
		{
			"from": [0, 0.5, 0],
			"to": [16, 0.5, 16],
			"faces": {
				"north": {"uv": [0, 0, 16, 0], "texture": "#missing"},
				"east": {"uv": [0, 0, 16, 0], "texture": "#missing"},
				"south": {"uv": [0, 0, 16, 0], "texture": "#missing"},
				"west": {"uv": [0, 0, 16, 0], "texture": "#missing"},
				"up": {"uv": [0, 0, 16, 16], "texture": "#0"},
				"down": {"uv": [0, 0, 16, 16], "rotation": 270, "texture": "#0"}
			}
		},
		{
			"from": [1, 0, 12],
			"to": [5, 1, 16],
			"faces": {
				"north": {"uv": [12, 1, 16, 2], "texture": "#0"},
				"east": {"uv": [12, 1, 16, 2], "texture": "#0"},
				"south": {"uv": [1, 12, 5, 13], "texture": "#0"},
				"west": {"uv": [12, 1, 13, 2], "texture": "#0"},
				"up": {"uv": [1, 12, 5, 16], "texture": "#0"},
				"down": {"uv": [1, 12, 5, 16], "texture": "#0"}
			}
		},
		{
			"from": [2, 0, 10],
			"to": [6, 1, 12],
			"faces": {
				"north": {"uv": [12, 1, 16, 2], "texture": "#0"},
				"east": {"uv": [12, 1, 16, 2], "texture": "#0"},
				"south": {"uv": [12, 1, 16, 2], "texture": "#0"},
				"west": {"uv": [12, 1, 13, 2], "texture": "#0"},
				"up": {"uv": [2, 10, 6, 12], "texture": "#0"},
				"down": {"uv": [2, 10, 6, 12], "texture": "#0"}
			}
		},
		{
			"from": [3, 0, 8],
			"to": [7, 1, 10],
			"faces": {
				"north": {"uv": [12, 1, 16, 2], "texture": "#0"},
				"east": {"uv": [12, 1, 16, 2], "texture": "#0"},
				"south": {"uv": [12, 1, 16, 2], "texture": "#0"},
				"west": {"uv": [12, 1, 13, 2], "texture": "#0"},
				"up": {"uv": [3, 8, 7, 10], "texture": "#0"},
				"down": {"uv": [3, 8, 7, 10], "texture": "#0"}
			}
		},
		{
			"from": [4, 0, 7],
			"to": [8, 1, 8],
			"faces": {
				"north": {"uv": [12, 1, 16, 2], "texture": "#0"},
				"east": {"uv": [12, 1, 16, 2], "texture": "#0"},
				"south": {"uv": [12, 1, 16, 2], "texture": "#0"},
				"west": {"uv": [12, 1, 13, 2], "texture": "#0"},
				"up": {"uv": [4, 7, 8, 8], "texture": "#0"},
				"down": {"uv": [4, 7, 8, 8], "texture": "#0"}
			}
		},
		{
			"from": [5, 0, 6],
			"to": [10, 1, 7],
			"faces": {
				"north": {"uv": [12, 1, 16, 2], "texture": "#0"},
				"east": {"uv": [12, 1, 16, 2], "texture": "#0"},
				"south": {"uv": [12, 1, 16, 2], "texture": "#0"},
				"west": {"uv": [12, 1, 13, 2], "texture": "#0"},
				"up": {"uv": [5, 6, 10, 7], "texture": "#0"},
				"down": {"uv": [5, 6, 10, 7], "texture": "#0"}
			}
		},
		{
			"from": [6, 0, 5],
			"to": [12, 1, 6],
			"faces": {
				"north": {"uv": [12, 1, 16, 2], "texture": "#0"},
				"east": {"uv": [12, 1, 16, 2], "texture": "#0"},
				"south": {"uv": [12, 1, 16, 2], "texture": "#0"},
				"west": {"uv": [12, 1, 13, 2], "texture": "#0"},
				"up": {"uv": [6, 5, 12, 6], "texture": "#0"},
				"down": {"uv": [6, 5, 12, 6], "texture": "#0"}
			}
		},
		{
			"from": [7, 0, 4],
			"to": [16, 1, 5],
			"faces": {
				"north": {"uv": [12, 1, 16, 2], "texture": "#0"},
				"east": {"uv": [12, 1, 13, 2], "texture": "#0"},
				"south": {"uv": [12, 1, 16, 2], "texture": "#0"},
				"west": {"uv": [12, 1, 13, 2], "texture": "#0"},
				"up": {"uv": [7, 4, 16, 5], "texture": "#0"},
				"down": {"uv": [7, 4, 16, 5], "texture": "#0"}
			}
		},
		{
			"from": [8, 0, 3],
			"to": [16, 1, 4],
			"faces": {
				"north": {"uv": [12, 1, 16, 2], "texture": "#0"},
				"east": {"uv": [12, 3, 13, 4], "texture": "#0"},
				"south": {"uv": [0, 0, 8, 1], "texture": "#missing"},
				"west": {"uv": [12, 1, 13, 2], "texture": "#0"},
				"up": {"uv": [8, 3, 16, 4], "texture": "#0"},
				"down": {"uv": [8, 3, 16, 4], "texture": "#0"}
			}
		},
		{
			"from": [12, 0, 1],
			"to": [16, 1, 2],
			"faces": {
				"north": {"uv": [12, 1, 16, 2], "texture": "#0"},
				"east": {"uv": [13, 1, 14, 2], "texture": "#0"},
				"south": {"uv": [0, 0, 4, 1], "texture": "#missing"},
				"west": {"uv": [12, 1, 13, 2], "texture": "#0"},
				"up": {"uv": [12, 1, 16, 2], "texture": "#0"},
				"down": {"uv": [12, 1, 16, 2], "texture": "#0"}
			}
		},
		{
			"from": [10, 0, 2],
			"to": [16, 1, 3],
			"faces": {
				"north": {"uv": [12, 1, 16, 2], "texture": "#0"},
				"east": {"uv": [2, 15, 3, 16], "texture": "#0"},
				"south": {"uv": [0, 0, 6, 1], "texture": "#missing"},
				"west": {"uv": [12, 1, 13, 2], "texture": "#0"},
				"up": {"uv": [10, 2, 16, 3], "texture": "#0"},
				"down": {"uv": [10, 2, 16, 3], "texture": "#0"}
			}
		},
		{
			"from": [11, 0, 15],
			"to": [15, 1, 16],
			"faces": {
				"north": {"uv": [0, 0, 4, 1], "texture": "#missing"},
				"east": {"uv": [14, 15, 15, 16], "texture": "#0"},
				"south": {"uv": [1, 12, 5, 13], "rotation": 180, "texture": "#0"},
				"west": {"uv": [1, 12, 2, 13], "texture": "#0"},
				"up": {"uv": [11, 15, 15, 16], "texture": "#0"},
				"down": {"uv": [11, 15, 15, 16], "texture": "#0"}
			}
		},
		{
			"from": [11, 0, 14],
			"to": [16, 1, 15],
			"faces": {
				"north": {"uv": [13, 1, 15, 2], "texture": "#0"},
				"east": {"uv": [12, 1, 13, 2], "texture": "#0"},
				"south": {"uv": [12, 1, 16, 2], "texture": "#0"},
				"west": {"uv": [1, 13, 2, 15], "texture": "#0"},
				"up": {"uv": [11, 14, 16, 15], "texture": "#0"},
				"down": {"uv": [11, 14, 16, 15], "texture": "#0"}
			}
		},
		{
			"from": [12, 0, 13],
			"to": [16, 1, 14],
			"faces": {
				"north": {"uv": [13, 1, 15, 2], "texture": "#0"},
				"east": {"uv": [13, 2, 14, 3], "texture": "#0"},
				"south": {"uv": [0, 0, 4, 1], "texture": "#missing"},
				"west": {"uv": [1, 13, 2, 15], "texture": "#0"},
				"up": {"uv": [12, 13, 16, 14], "texture": "#0"},
				"down": {"uv": [12, 13, 16, 14], "texture": "#0"}
			}
		},
		{
			"from": [13, 0, 12],
			"to": [16, 1, 13],
			"faces": {
				"north": {"uv": [13, 1, 15, 2], "texture": "#0"},
				"east": {"uv": [14, 3, 15, 4], "texture": "#0"},
				"south": {"uv": [0, 0, 3, 1], "texture": "#missing"},
				"west": {"uv": [1, 13, 2, 15], "texture": "#0"},
				"up": {"uv": [13, 12, 16, 13], "texture": "#0"},
				"down": {"uv": [13, 12, 16, 13], "texture": "#0"}
			}
		},
		{
			"from": [14, 0, 11],
			"to": [16, 1, 12],
			"faces": {
				"north": {"uv": [13, 1, 15, 2], "texture": "#0"},
				"east": {"uv": [12, 1, 13, 2], "texture": "#0"},
				"south": {"uv": [0, 0, 2, 1], "texture": "#missing"},
				"west": {"uv": [1, 13, 2, 15], "texture": "#0"},
				"up": {"uv": [14, 11, 16, 12], "texture": "#0"},
				"down": {"uv": [14, 11, 16, 12], "texture": "#0"}
			}
		}
	]
}