{
    "textures": {
        "all": "blocks/carpet_lime",
        "particle":"blocks/carpet_lime"
    },	
    "elements": [
        {   "from": [ 0, 0, 0 ],
            "to": [ 16, 1, 16 ],
            "faces": {
                "down": {
                    "uv": [ 0, 16, 16, 0 ],
                    "texture": "#all"
                },
                "up": {
                    "uv": [ 0, 0, 16, 16 ],
                    "texture": "#all"
                },
                "north": {
                    "uv": [ 16, 15, 0, 16 ],
                    "texture": "#all"
                },
                "south": {
                    "uv": [ 0, 15, 16, 16 ],
                    "texture": "#all"
                },
                "west": {
                    "uv": [ 0, 15, 15, 16 ],
                    "texture": "#all"
                },
                "east": {
                    "uv": [ 15, 15, 0, 16 ],
                    "texture": "#all"
                }
            }
        }
    ]	
}

