{
	"credit": "Made with Blockbench",
	"parent": "block",
	"textures": {
		"particle": "block/polished_blackstone_bricks",
		"texture": "block/polished_blackstone_bricks",
        "0": "block/black_outline"
	},
	"elements": [
		{
			"from": [0, 0, 0],
			"to": [16, 8, 16],
			"color": 5,
			"faces": {
				"north": {"uv": [0, 0, 16, 8], "texture": "texture"},
				"east": {"uv": [0, 0, 16, 8], "texture": "texture"},
				"south": {"uv": [0, 0, 16, 8], "texture": "texture"},
				"west": {"uv": [0, 0, 16, 8], "texture": "texture"},
				"up": {"uv": [0, 0, 16, 16], "texture": "texture"},
				"down": {"uv": [0, 0, 16, 16], "texture": "texture"}
			}
		},
		{
			"name": "cube_outline",
			"from": [16.5, 8.5, 16.5],
			"to": [-0.5, -0.5, -0.5],
			"color": 5,
			"faces": {
				"north": {"uv": [0, 0, 16, 8], "rotation": 180, "texture": "0"},
				"east": {"uv": [0, 0, 16, 8], "rotation": 180, "texture": "0"},
				"south": {"uv": [0, 0, 16, 8], "rotation": 180, "texture": "0"},
				"west": {"uv": [0, 0, 16, 8], "rotation": 180, "texture": "0"},
				"up": {"uv": [0, 0, 16, 16], "rotation": 180, "texture": "0"},
				"down": {"uv": [0, 0, 16, 16], "rotation": 180, "texture": "0"}
			}
		}
	],
	"display": {
		"thirdperson_righthand": {
			"rotation": [75, 45, 0],
			"translation": [0, 2.5, 0],
			"scale": [0.375, 0.375, 0.375]
		},
		"thirdperson_lefthand": {
			"rotation": [75, 45, 0],
			"translation": [0, 2.5, 0],
			"scale": [0.375, 0.375, 0.375]
		},
		"firstperson_righthand": {
			"rotation": [0, 45, 0],
			"scale": [0.4, 0.4, 0.4]
		},
		"firstperson_lefthand": {
			"rotation": [0, 225, 0],
			"scale": [0.4, 0.4, 0.4]
		},
		"ground": {
			"translation": [0, 3, 0],
			"scale": [0.25, 0.25, 0.25]
		},
		"gui": {
			"rotation": [30, 225, 0],
			"scale": [0.625, 0.625, 0.625]
		},
		"fixed": {
			"scale": [0.5, 0.5, 0.5]
		}
	}
}